id,Fname,Lname,email,password,gross_income,fex_tax,on_tax,ccp,ei,net_income
1,Ardisj,Rosekilly,arosekilly0@census.gov,AzFVuMv8,220136,50888,16314,3500,953,148482
2,Wain,Tease,wtease1@nps.gov,F9kGvfb8Y,157476,32717,11580,3500,953,108727
3,Annabelle,Bellin,abellin2@baidu.com,97F71VXQgW9A,110544,20459,7654,3500,953,77978
4,Victoir,Coraini,vcoraini3@va.gov,5sOlDKN8yf,39951,5993,2018,2277,631,29032
5,Eveline,Newlove,enewlove4@time.com,KaPWyk,269535,67127,22814,3500,953,175141
6,Randa,Coltart,rcoltart5@biglobe.ne.jp,gJA5wkAs4gR8,292091,74571,25783,3500,953,187285
7,Tiena,Trembley,ttrembley6@spotify.com,ws66tMe,233588,55265,18084,3500,953,155787
8,Annabel,Wooster,awooster7@cnbc.com,ptDPOIgenfNU,277529,69765,23866,3500,953,179445
9,Cassandre,Christoffersen,cchristoffersen8@fastcompany.com,uEAUD8bW1hj,122499,23567,8988,3500,953,85491
10,Geoffry,Oswald,goswald9@jimdo.com,8WAZISHl,228938,53730,17472,3500,953,153283
11,Marrilee,Skirven,mskirvena@parallels.com,iTi8nUC,152522,31373,10977,3500,953,105719
12,Archambault,Owtram,aowtramb@blogspot.com,oSxA96VhS,121350,23269,8860,3500,953,84769
13,Mabelle,Mehew,mmehewc@bravesites.com,WHqxdBRTW82,284231,71977,24748,3500,953,183053
14,Rusty,Thurley,rthurleyd@drupal.org,91iJsq7trb,71887,11976,4682,3500,953,50776
15,Roosevelt,Bahl,rbahle@bing.com,HaygVcGP,241050,57727,19066,3500,953,159805
16,Amelia,Von Welden,avonweldenf@nydailynews.com,gmjehIPXrr,122658,23609,9006,3500,953,85591
17,Ingeborg,Lavender,ilavenderg@nationalgeographic.com,GTAHEz,232572,54929,17950,3500,953,155240
18,Umeko,Matisse,umatisseh@usa.gov,ZDfFs6IM2UrA,284729,72141,24814,3500,953,183321
19,Gay,McGhee,gmcgheei@huffingtonpost.com,9JeFMk,204808,46443,17335,3500,953,136577
20,Harald,Pyrah,hpyrahj@biblegateway.com,Fg36VxHF,226442,52906,17143,3500,953,151940
21,Luz,Rundle,lrundlek@slideshare.net,Aquc9gtIYN,266810,66228,22456,3500,953,173674
22,Fowler,Rain,frainl@live.com,wMIWTEJ9t,176810,38324,13931,3500,953,120103
23,Carver,Banaszkiewicz,cbanaszkiewiczm@webs.com,1SZJ5jvgm,168839,36012,12961,3500,953,115413
24,Dulcie,Treweke,dtreweken@godaddy.com,44jYOhRZ,116511,22010,8320,3500,953,81728
25,Nina,Hansel,nhanselo@cornell.edu,7CAO7pWE,271763,67862,23108,3500,953,176340
26,Tailor,Mooring,tmooringp@ftc.gov,PrPMZ69FycV,187312,41369,15208,3500,953,126283
27,Kahlil,Walczak,kwalczakq@aboutads.info,6LJ04SLHAbqr,169864,36309,13086,3500,953,116016
28,Rhiamon,Greene,rgreener@phpbb.com,4fDkg4,76512,12924,5106,3500,953,54030
29,Nil,Lathan,nlathans@usa.gov,Y8uoduaYpLbX,38684,5803,1954,2205,611,28112
30,Jessalin,Rawlinson,jrawlinsont@admin.ch,laYBt0XUk3j2,160172,33499,11907,3500,953,110313
31,Dougy,Statham,dstathamu@photobucket.com,BVtJun2i6,120951,23165,8815,3500,953,84518
32,Hildy,Ciccotto,hciccottov@naver.com,x3weiCA,30507,4576,1541,1739,482,22169
33,Drusi,Sahlstrom,dsahlstromw@un.org,4dPY21g4QrWV,83432,14343,5739,3500,953,58898
34,Selinda,Armour,sarmourx@amazon.com,WdplmYL,29718,4458,1501,1694,470,21596
35,Joscelin,Marsden,jmarsdeny@wordpress.org,sqMPWQaanN7p,273293,68367,23309,3500,953,177164
36,Kimmy,Volleth,kvollethz@qq.com,YqwTjpG,137162,27380,10625,3500,953,94705
37,Franni,Margerison,fmargerison10@theguardian.com,lq3HLAyAcx,182368,39936,14606,3500,953,123373
38,Ringo,Asquith,rasquith11@naver.com,kEDWw3hDbCOE,44065,6610,2225,2512,696,32022
39,Tobe,Juggins,tjuggins12@chron.com,uXc3oHzBkSU3,232736,54983,17972,3500,953,155328
40,Janot,Ludlam,jludlam13@cdbaby.com,HZXyYuSQzEU,54928,8499,3131,3131,868,39299
41,Lura,Llywarch,lllywarch14@hud.gov,FmEphhE,243474,58527,19385,3500,953,161110
42,Hanni,Featherstone,hfeatherstone15@indiatimes.com,b21WmWVrWD3,54522,8416,3093,3108,861,39043
43,Janeva,Boscher,jboscher16@usda.gov,In7P7nc7O4M0,262809,64908,21929,3500,953,171520
44,Wakefield,Linne,wlinne17@istockphoto.com,zDX4NvG,243514,58540,19390,3500,953,161131
45,Cassaundra,Rendall,crendall18@boston.com,Wf2kTBjBgB,230380,54206,17662,3500,953,154060
46,Creight,Whenham,cwhenham19@vistaprint.com,c5MQFbxHXjG,52701,8043,2927,3004,833,37895
47,Shelia,Attkins,sattkins1a@clickbank.net,gN1xCh4GBlxp,83297,14315,5726,3500,953,58803
48,Nikolai,Sattin,nsattin1b@ezinearticles.com,CnitbMVcOBK,111161,20619,7723,3500,953,78366
49,Nara,Aronstein,naronstein1c@house.gov,8ZBdY4Gl,289285,73645,25414,3500,953,185774
50,Anson,Greves,agreves1d@skyrock.com,C7Nj9veA7I,175663,37991,13791,3500,953,119428
51,Cristy,Rickeard,crickeard1e@vinaora.com,CoTF0OxtFx,224761,52352,16922,3500,953,151035
52,Scottie,Carletto,scarletto1f@hubpages.com,0MYruN,156842,32533,11502,3500,953,108354
53,Denny,Mercer,dmercer1g@mlb.com,IGCuNPkAyF,254038,62013,20775,3500,953,166797
54,Alta,Attree,aattree1h@weibo.com,k4jnMS,29753,4463,1503,1696,470,21622
55,Carolynn,Groom,cgroom1i@xrea.com,7cJnDNugEvep,177078,38401,13963,3500,953,120261
56,Pippo,Penwright,ppenwright1j@miibeian.gov.cn,f2HCcQ,172821,37167,13445,3500,953,117756
57,Stevana,Izzard,sizzard1k@de.vu,R2vfyL,75179,12651,4984,3500,953,53092
58,Stanford,Fritzer,sfritzer1l@oakley.com,UBfjGnSoa5y,222231,51517,16589,3500,953,149672
59,Jacinthe,Ramble,jramble1m@msn.com,pH8DvlkDx,87640,15205,6124,3500,953,61858
60,Kaleena,Nazer,knazer1n@ihg.com,AU4gs9F,172952,37205,13461,3500,953,117833
61,Elisa,O'Fallon,eofallon1o@wikispaces.com,kjxflceQuaQu,116191,21927,8284,3500,953,81527
62,Biddie,Doerling,bdoerling1p@webmd.com,GGtNOcS,244643,58913,19539,3500,953,161739
63,Sean,Levey,slevey1q@clickbank.net,8FIkGlLUt0iO,43305,6496,2187,2468,684,31470
64,Marge,Blare,mblare1r@chronoengine.com,jpxdHn,142237,28699,11191,3500,953,97894
65,Roosevelt,Roussell,rroussell1s@virginia.edu,QuN43p,238759,56971,18764,3500,953,158571
66,Manolo,Mettrick,mmettrick1t@vimeo.com,202l70iQfr,182414,39949,14612,3500,953,123401
67,Clayson,Brinklow,cbrinklow1u@ucoz.com,0uprL0pcVO8D,167995,35767,12859,3500,953,114916
68,Kriste,Fremantle,kfremantle1v@adobe.com,I1bsRR5sbE,176528,38242,13896,3500,953,119937
69,Gaspar,Neward,gneward1w@ed.gov,7ucbW6nOb,279040,70264,24065,3500,953,180258
70,Wandis,McVicker,wmcvicker1x@about.com,iqWNMJamXHvd,169317,36151,13019,3500,953,115694
71,Matt,Feuell,mfeuell1y@gnu.org,vykatyW,160460,33582,11942,3500,953,110483
72,Hymie,Legat,hlegat1z@mayoclinic.com,9FcZOA,296997,76190,26428,3500,953,189926
73,Maynard,Snedker,msnedker20@abc.net.au,iBoeTc,32264,4840,1629,1839,510,23446
74,Tulley,Eadmeades,teadmeades21@barnesandnoble.com,r9gYPUkuU,40845,6127,2063,2328,645,29682
75,Clarette,Mulvey,cmulvey22@goo.ne.jp,lKpRCkXl,105589,19171,7101,3500,953,74865
76,Chloe,McLachlan,cmclachlan23@blogtalkradio.com,xFKTRuZuiE,102301,18316,6734,3500,953,72799
77,Allin,Hanhart,ahanhart24@psu.edu,LKSXDvq8,196998,44178,16385,3500,953,131982
78,Roslyn,Malthus,rmalthus25@illinois.edu,KCUDJFO,136811,27288,10585,3500,953,94485
79,Gaby,Nockalls,gnockalls26@typepad.com,DmcKcbkFE9M,221731,51352,16523,3500,953,149403
80,Jimmy,MacAughtrie,jmacaughtrie27@redcross.org,baX2NoWA,247305,59791,19889,3500,953,163172
81,Daffie,Balasini,dbalasini28@google.pl,6aAxusByP,40831,6125,2062,2327,645,29672
82,Lyn,Scoble,lscoble29@ucoz.ru,P9yl1ztbmJLe,128478,25122,9655,3500,953,89248
83,Morey,Wieprecht,mwieprecht2a@dyndns.org,rxbOfXM,246823,59632,19826,3500,953,162913
84,Sollie,Carrick,scarrick2b@mail.ru,ymhV4O4drANE,291181,74270,25663,3500,953,186795
85,Reinwald,Whyler,rwhyler2c@ebay.co.uk,MDKeQrCeyJs,154867,31983,11262,3500,953,107169
86,Bibby,Ayree,bayree2d@fastcompany.com,CkUZzgq,27353,4103,1381,1559,432,19877
87,Hulda,McMurthy,hmcmurthy2e@rediff.com,yu8QGxNK,87611,15199,6121,3500,953,61838
88,Lucila,Greening,lgreening2f@theguardian.com,2hdLLiNBg5,59493,9435,3548,3391,940,42178
89,Noreen,Felgate,nfelgate2g@deviantart.com,KgkH2RoR7WMj,81996,14048,5607,3500,953,57888
90,Haley,Yedall,hyedall2h@nps.gov,ntLqI6ufFUAp,242272,58130,19227,3500,953,160463
91,Francine,Ive,five2i@noaa.gov,sCrvlqrcJ,188179,41621,15313,3500,953,126793
92,Livvie,Prestie,lprestie2j@bbc.co.uk,hqvzACdbNP,201978,45622,16991,3500,953,134912
93,Rani,Weerdenburg,rweerdenburg2k@whitehouse.gov,4wL8zWC,228180,53480,17372,3500,953,152875
94,Terrance,Gosson,tgosson2l@live.com,NR9hOx,155064,32034,11286,3500,953,107291
95,Leodora,Mallinder,lmallinder2m@google.pl,Qjultu,97802,17289,6232,3500,953,69829
96,Sephira,Bointon,sbointon2n@a8.net,2RHgFX4fP,178004,38670,14076,3500,953,120806
97,Henrietta,Tousey,htousey2o@vkontakte.ru,DtHdS8e,124801,24166,9245,3500,953,86938
98,Cynthy,Blunsum,cblunsum2p@wordpress.org,JK8Hap,59478,9432,3547,3390,940,42169
99,Ozzie,Renforth,orenforth2q@bloomberg.com,Iy1PEeo6,261977,64633,21820,3500,953,171072
100,Leigh,Badsey,lbadsey2r@infoseek.co.jp,pX5ndE3v1E,145770,29618,11585,3500,953,100114
101,Olly,Aitken,oaitken2s@ucsd.edu,xLhaVmVco,106416,19386,7193,3500,953,75384
102,Nance,Hallihane,nhallihane2t@paypal.com,lSntlwtjSzv,234579,55592,18214,3500,953,156321
103,Reagen,Gisburne,rgisburne2u@npr.org,QbI5nVXXWb,172130,36967,13361,3500,953,117349
104,Uri,Southerton,usoutherton2v@disqus.com,QbxfcLSeHRMU,142776,28839,11251,3500,953,98233
105,Simonne,Casewell,scasewell2w@newsvine.com,bIZKqt3,35582,5337,1797,2028,562,25857
106,Barrett,Seif,bseif2x@shinystat.com,SKbgzTOISU,74013,12412,4877,3500,953,52272
107,Elenore,Stoves,estoves2y@hugedomains.com,k4Swypa97d6,170824,36588,13203,3500,953,116581
108,Sigismondo,Antognozzii,santognozzii2z@hp.com,EmTz000Z,199209,44819,16654,3500,953,133283
109,Salvatore,Boothman,sboothman30@360.cn,p0DKYm,220982,51134,16425,3500,953,148971
110,Rolando,Messager,rmessager31@sina.com.cn,sR0IxYE,174790,37738,13685,3500,953,118915
111,Micheil,Carson,mcarson32@ox.ac.uk,qcO4UeFHX,170830,36590,13203,3500,953,116585
112,Dawn,Keyte,dkeyte33@geocities.com,bajSwXXuz,81826,14013,5592,3500,953,57768
113,Sybila,Wallman,swallman34@tumblr.com,vPY4FHia,128990,25255,9713,3500,953,89570
114,Charlot,Brewett,cbrewett35@walmart.com,JXXxQJq,142529,28775,11224,3500,953,98078
115,Addi,Whanstall,awhanstall36@shinystat.com,kvO1mY26LTIi,240042,57394,18933,3500,953,159262
116,Adriaens,Ruben,aruben37@tripadvisor.com,Q2tIjVHHJib,163107,34350,12264,3500,953,112040
117,Malva,Guiduzzi,mguiduzzi38@goo.ne.jp,5dGXJpXRoja,217970,50260,18936,3500,953,144322
118,Keelby,Astman,kastman39@elpais.com,cE97FvOIQ,96344,16990,6069,3500,953,68833
119,Saundra,Stot,sstot3a@liveinternet.ru,of8FNUwo,168008,35771,12860,3500,953,114924
120,Reeta,Hulks,rhulks3b@youtu.be,vk0mREuaFnZA,255243,62411,20934,3500,953,167446
121,Wald,Neames,wneames3c@webeden.co.uk,DPxin0kMp2,94076,16525,5816,3500,953,67283
122,Tarah,Jessard,tjessard3d@hostgator.com,uVq8vPF0aGWN,80068,13653,5431,3500,953,56531
123,Desmund,McCluney,dmccluney3e@nifty.com,CufMki6s,55312,8578,3166,3153,874,39541
124,Skylar,Rugge,srugge3f@sitemeter.com,gI3SvK,208754,47588,17815,3500,953,138899
125,Shannon,Aizikovitz,saizikovitz3g@histats.com,OzriphLt,206068,46809,17488,3500,953,137319
126,Lurlene,Blodgetts,lblodgetts3h@diigo.com,ZNgpgySq,273030,68280,23274,3500,953,177023
127,Benedetta,Cescoti,bcescoti3i@hao123.com,dCEyAU4J,179326,39053,14237,3500,953,121584
128,Rosita,Delgadillo,rdelgadillo3j@feedburner.com,B71ApbBsEF9Z,62168,9984,3793,3500,953,43939
129,Manfred,Dalglish,mdalglish3k@cloudflare.com,BIjZo3fNHcN,109339,20146,7519,3500,953,77221
130,Adrian,McMillam,amcmillam3l@hud.gov,UNWs1fLD,61460,9838,3728,3500,953,43441
131,Earl,Boorman,eboorman3m@chicagotribune.com,TQaljS,205304,46587,17395,3500,953,136869
132,Filippo,Varden,fvarden3n@people.com.cn,Oa2B5tC,233091,55101,18018,3500,953,155519
133,Vassily,Maylard,vmaylard3o@deviantart.com,bjHS10,163940,34591,12366,3500,953,112530
134,Clarke,Hounsome,chounsome3p@statcounter.com,hOQg4yDlzwi,136619,27239,10564,3500,953,94364
135,Baird,Dudmarsh,bdudmarsh3q@altervista.org,2VHlTqY1,161216,33801,12034,3500,953,110928
136,Shaylah,Trynor,strynor3r@imdb.com,zVzQVpSiGS,65793,10727,4125,3500,953,46489
137,Zorah,Mincher,zmincher3s@sciencedaily.com,9AHay6s4Y,152149,31276,10932,3500,953,105488
138,Paxon,Morstatt,pmorstatt3t@ebay.co.uk,zaXXklvwA,93987,16507,5806,3500,953,67222
139,Roldan,Geake,rgeake3u@si.edu,tRHgooq6b,37877,5682,1913,2159,598,27525
140,Humberto,Schild,hschild3v@usnews.com,rBn5Df9zUl,181932,39809,14553,3500,953,123117
141,Kattie,Ranscome,kranscome3w@webs.com,7sakUPcELGb4,50447,7581,2721,2875,797,36473
142,Conroy,Lusted,clusted3x@ftc.gov,dWxPmru,87477,15172,6109,3500,953,61744
143,Orelie,Musgrave,omusgrave3y@quantcast.com,sahrzY,268958,66937,22739,3500,953,174830
144,Barbabra,Tukesby,btukesby3z@jalbum.net,BurSUN,112475,20961,7869,3500,953,79192
145,Brit,Fawlo,bfawlo40@posterous.com,F5JD53XKxXh,267642,66502,22565,3500,953,174122
146,Walden,Sex,wsex41@slate.com,iMjjO6LGn,255544,62510,20973,3500,953,167608
147,Waneta,Dureden,wdureden42@nyu.edu,mLkFkVD2vEGC,99319,17600,6401,3500,953,70866
148,Shelby,Jurek,sjurek43@cloudflare.com,kjhUP4qlZ,202468,45765,17051,3500,953,135200
149,Malanie,Bezant,mbezant44@nydailynews.com,VRYbcx,208535,47524,17788,3500,953,138770
150,Bil,Paver,bpaver45@eepurl.com,ykACLHI,169695,36260,13065,3500,953,115917
151,Boothe,MacKegg,bmackegg46@is.gd,BYVpf70CAJrR,291723,74449,25734,3500,953,187087
152,Retha,Griss,rgriss47@digg.com,Ly1t4Rst7Mg8,220710,51055,16389,3500,953,148814
153,Celinda,Flatley,cflatley48@senate.gov,gVX2XBlDfmgY,232792,55002,17979,3500,953,155358
154,Graeme,Macvey,gmacvey49@ovh.net,992IBoU,282300,71340,24494,3500,953,182014
155,Harley,Melsome,hmelsome4a@wikipedia.org,eWVa6IwPWR,27299,4095,1379,1556,431,19838
156,Drucy,Teck,dteck4b@mit.edu,jwORMRBnkPTQ,114833,21574,8133,3500,953,80674
157,Gib,Reiling,greiling4c@liveinternet.ru,ONyyUTX,298122,76561,26577,3500,953,190532
158,Rhea,Shapcott,rshapcott4d@goodreads.com,3ccL9k,286518,72731,25049,3500,953,184285
159,Cheryl,Bonnett,cbonnett4e@cbsnews.com,TftFPlCN,197885,44436,16493,3500,953,132504
160,Abra,Mawhinney,amawhinney4f@constantcontact.com,sViYyBtuuWV,27495,4124,1388,1567,434,19981
161,Trever,Baysting,tbaysting4g@yale.edu,SE9CXlhC,240725,57620,19023,3500,953,159630
162,Anna-diane,Skelhorn,askelhorn4h@army.mil,ONeB6BrIO,35624,5344,1799,2031,563,25888
163,Charmane,Rosie,crosie4i@youtube.com,R1ankcQC0,288726,73460,25340,3500,953,185473
164,Allyn,MacWilliam,amacwilliam4j@rediff.com,GZqd417q,116336,21965,8300,3500,953,81618
165,Zebulon,Wayon,zwayon4k@bizjournals.com,TMiKEibxuLt6,166262,35265,12648,3500,953,113897
166,Crawford,Burnhams,cburnhams4l@hp.com,n1ztJjlQu6K6,295059,75550,26173,3500,953,188883
167,Kay,Henrot,khenrot4m@csmonitor.com,7eViDMUs9,188629,41751,15368,3500,953,127057
168,Sashenka,Fenix,sfenix4n@goo.ne.jp,KPr0jT1ijGK,126360,24571,9419,3500,953,87917
169,Sharyl,Crossland,scrossland4o@techcrunch.com,IUjzCFCRm7Z,259469,63805,21490,3500,953,169721
170,Silas,Skinn,sskinn4p@zimbio.com,VEpGM15GVm2,72638,12130,4751,3500,953,51304
171,Willy,Nancekivell,wnancekivell4q@nyu.edu,VvrhDqs4,190377,42258,15580,3500,953,128086
172,Neil,Janisson,njanisson4r@mashable.com,0bRYMqRwt,31456,4718,1589,1793,497,22859
173,Matilde,Maddy,mmaddy4s@hatena.ne.jp,h6MgeKtIbaI,133355,26390,10200,3500,953,92313
174,Jeffy,Outhwaite,jouthwaite4t@topsy.com,YxXl7FuK4b,120685,23096,8786,3500,953,84351
175,Vaughan,Gimson,vgimson4u@weibo.com,SaZKf7,56722,8867,3295,3233,896,40431
176,Bond,Gaitskell,bgaitskell4v@oracle.com,E6tOqtL6q8oH,95265,16768,5949,3500,953,68095
177,Matt,Sinkin,msinkin4w@weebly.com,peOXxF,274357,68718,23449,3500,953,177737
178,Renault,Gossage,rgossage4x@boston.com,gcRqadEL,128164,25040,9620,3500,953,89051
179,Zsazsa,Goldstein,zgoldstein4y@slashdot.org,WTCMbYkKfa42,204338,46307,17278,3500,953,136301
180,Cyrille,Alman,calman4z@senate.gov,fyS0ZYU,92851,16274,5679,3500,953,66445
181,Brenna,Matveyev,bmatveyev50@gnu.org,qMFpvog,222644,51653,16644,3500,953,149895
182,Valentin,Crus,vcrus51@reference.com,NDn64s1j4Vd0,246413,59497,19772,3500,953,162692
183,Cherilyn,Print,cprint52@sciencedirect.com,GNgjMpO0qtj,97462,17219,6194,3500,953,69597
184,Deane,Threadgold,dthreadgold53@reuters.com,Nn95sr7,137639,27504,10678,3500,953,95005
185,Hyatt,De Bruijne,hdebruijne54@craigslist.org,QmRlgy,84028,14465,5793,3500,953,59317
186,Ardis,O'Rudden,aorudden55@npr.org,TX4hmM9cnapi,81958,14041,5604,3500,953,57861
187,Lukas,Fencott,lfencott56@networksolutions.com,o34fRfZgm,44422,6663,2243,2532,702,32281
188,Nixie,Givens,ngivens57@engadget.com,u3US6uzr4Z6D,142224,28696,11189,3500,953,97886
189,Tanney,Mackro,tmackro58@lycos.com,3zHm8w0SBt,126322,24561,9415,3500,953,87893
190,Ruperta,Hubach,rhubach59@sitemeter.com,GvKGgF,184348,40510,14847,3500,953,124539
191,Sibby,Lanfear,slanfear5a@printfriendly.com,Q0HCduGaa,251864,61296,20489,3500,953,165627
192,Elston,Cosbey,ecosbey5b@examiner.com,KBijLs,35545,5332,1795,2026,562,25831
193,Audrie,Pawley,apawley5c@techcrunch.com,9DqSxob,191904,42701,15766,3500,953,128984
194,Matias,Leall,mleall5d@bluehost.com,jVu5NboGZ,120558,23063,8772,3500,953,84271
195,Oralee,Simmig,osimmig5e@bizjournals.com,Yx2Ccf1xFVL,93363,16379,5737,3500,953,66795
196,Thorndike,Ayllett,tayllett5f@prnewswire.com,GhcdC5U,268621,66825,22694,3500,953,174649
197,Misha,Volonte,mvolonte5g@state.tx.us,XhFqrn1,30794,4619,1555,1755,487,22378
198,Isabel,Acomb,iacomb5h@wordpress.com,nUZwLjH,108713,19983,7450,3500,953,76828
199,Jamesy,Reiner,jreiner5i@dion.ne.jp,HdhBeEGqMq,83917,14442,5783,3500,953,59239
200,Loella,Mendus,lmendus5j@purevolume.com,u6nYaMwofqaf,139345,27947,10868,3500,953,96077
201,Meredeth,Mc Ilwrick,mmcilwrick5k@multiply.com,kqEg7H,186934,41260,15162,3500,953,126060
202,Sheilah,Celle,scelle5l@4shared.com,ArFqyBpUL,95174,16750,5939,3500,953,68033
203,Joela,Driussi,jdriussi5m@unicef.org,Abx9hK,251556,61194,20448,3500,953,165461
204,Raf,MacColl,rmaccoll5n@people.com.cn,w0JLH1w,205775,46724,17453,3500,953,137146
205,Dave,Tregien,dtregien5o@mozilla.org,Akuj0CZ,298638,76731,26644,3500,953,190810
206,Ignatius,Matussov,imatussov5p@amazon.co.jp,DOPFL5aL5,229715,53986,17574,3500,953,153702
207,Colet,Irons,cirons5q@wired.com,QkQGxUb,36042,5406,1820,2054,569,26192
208,Eryn,Piser,episer5r@boston.com,T3RFydacMLQi,110974,20571,7702,3500,953,78249
209,Othilia,Carpmile,ocarpmile5s@ebay.com,UMF7KHD1ERC,198847,44714,16610,3500,953,133070
210,Fonzie,Laden,fladen5t@exblog.jp,LkbeZfK,180561,39412,14387,3500,953,122310
211,Rina,Muro,rmuro5u@yandex.ru,doASYF88DJrs,71184,11832,4618,3500,953,50282
212,Leonie,Malden,lmalden5v@jugem.jp,rcXZQUe,172079,36952,13355,3500,953,117319
213,Carmelle,Caldayrou,ccaldayrou5w@nsw.gov.au,hWvnm8iVo,35888,5383,1812,2046,567,26080
214,Micah,Faich,mfaich5x@economist.com,swF9CUvY7MX,251490,61172,20440,3500,953,165425
215,Megen,Josefson,mjosefson5y@hostgator.com,4pRNKYqtpYDD,190316,42240,15573,3500,953,128050
216,Carolyn,Mogey,cmogey5z@examiner.com,AXR38LJ3,268816,66890,22720,3500,953,174754
217,Cobbie,Eisold,ceisold60@spotify.com,w8kURt,207351,47181,17644,3500,953,138073
218,Moll,Weavill,mweavill61@illinois.edu,tteYVuY,131511,25910,9994,3500,953,91154
219,Valaree,Papes,vpapes62@sciencedaily.com,r8cJiZTQphsg,154839,31976,11259,3500,953,107152
220,Lebbie,Mabbot,lmabbot63@unblog.fr,nxDuuC,123256,23764,9073,3500,953,85967
221,Iosep,Targe,itarge64@deviantart.com,XoqQML2DBYjy,227684,53316,17307,3500,953,152608
222,Dawna,Asey,dasey65@digg.com,277LVoohZEu,144234,29218,11414,3500,953,99149
223,Danice,Jikovsky,djikovsky66@intel.com,HTVK5RnN,220614,51027,16376,3500,953,148758
224,Mikel,Monckman,mmonckman67@sbwire.com,EVSiqVMtYJeT,56531,8828,3277,3222,893,40310
225,Culley,Drejer,cdrejer68@engadget.com,vhB3tj,211156,48284,18107,3500,953,140312
226,Lindsy,Ramel,lramel69@redcross.org,WxXWMIUJzH2J,265750,65878,22316,3500,953,173103
227,Rem,Czyz,rczyz6a@de.vu,S633M3Azt2,251108,61046,20389,3500,953,165220
228,Janeczka,Marchington,jmarchington6b@soundcloud.com,pWjyKhkxyGyN,58251,9181,3435,3320,920,41395
229,Mattie,Bacchus,mbacchus6c@sfgate.com,cgMLeZ,77530,13133,5199,3500,953,54746
230,Shane,Feehan,sfeehan6d@msn.com,aDWZk6,286394,72691,25033,3500,953,184218
231,Brennan,Scroggins,bscroggins6e@archive.org,XO9SvHnBnGFp,50969,7688,2768,2905,805,36802
232,Durward,Danit,ddanit6f@mac.com,8i8nyRUFmN2,183196,40176,14707,3500,953,123861
233,Godfry,Pugh,gpugh6g@icio.us,eIPBSk,283776,71827,24689,3500,953,182808
234,Perry,Blundell,pblundell6h@webeden.co.uk,5xuNgOLghqb,173341,37318,13509,3500,953,118062
235,Beryl,Palia,bpalia6i@ow.ly,i95pKFBg,57364,8999,3354,3270,906,40836
236,Raviv,Bleazard,rbleazard6j@simplemachines.org,R9AHl1W,299261,76937,26726,3500,953,191145
237,Aharon,Hickin,ahickin6k@time.com,Vvq4drkae4u,203125,45955,17130,3500,953,135587
238,Druci,Tomaskunas,dtomaskunas6l@nationalgeographic.com,yvQjd4uHf,207585,47249,17673,3500,953,138211
239,Temp,Aubray,taubray6m@springer.com,7AAGx1lNTs3r,278098,69953,23941,3500,953,179751
240,Casandra,Bredee,cbredee6n@sogou.com,kSu52AD,278938,70230,24052,3500,953,180203
241,Novelia,Bohden,nbohden6o@foxnews.com,7tO2j01VB3y,91894,16077,6513,3500,953,64851
242,Gert,Ceely,gceely6p@mashable.com,ECizJZaADaA,280321,70686,24234,3500,953,180948
243,Horatio,Zanettini,hzanettini6q@pcworld.com,H3LM3nVrw,169542,36216,13047,3500,953,115827
244,Ruddie,Janata,rjanata6r@privacy.gov.au,zdFoumEUv4,48769,7315,2567,2780,771,35336
245,Staford,Leyborne,sleyborne6s@soup.io,ZPeiV1q,225418,52568,17009,3500,953,151388
246,Hamid,McFadin,hmcfadin6t@icq.com,cavfCLophFZm,170094,36376,13114,3500,953,116151
247,Karee,Wehden,kwehden6u@arstechnica.com,kUPDh7,75391,12694,5003,3500,953,53241
248,Frederico,Veck,fveck6v@japanpost.jp,hqUNcLaiPaQD,29328,4399,1481,1672,463,21313
249,Estrellita,Krysztofowicz,ekrysztofowicz6w@github.com,bu8zwLhVc,257691,63219,21256,3500,953,168764
250,Diane-marie,Ivey,divey6x@amazonaws.com,1s55xze,65921,10753,4137,3500,953,46579
251,Merry,Farron,mfarron6y@reddit.com,kKQZOvVMmuw,113285,21172,7960,3500,953,79701
252,Wes,Belt,wbelt6z@parallels.com,rMbCRjX,220566,51013,16370,3500,953,148730
253,Wernher,Nimmo,wnimmo70@buzzfeed.com,Xc8KTj4,130781,25721,9912,3500,953,90695
254,Willette,Edling,wedling71@marketwatch.com,kuUDI1lB,180313,39340,14357,3500,953,122164
255,Merrile,Soanes,msoanes72@earthlink.net,f9oMfz5FQcFn,28984,4348,1464,1652,458,21063
256,Rona,Gilbanks,rgilbanks73@drupal.org,iwOhaUWsm,125225,24276,9292,3500,953,87204
257,Yance,Marrows,ymarrows74@timesonline.co.uk,vflOJD,132225,26096,10074,3500,953,91603
258,Myrwyn,Caslin,mcaslin75@liveinternet.ru,vokXS8X,247981,60014,19978,3500,953,163536
259,Zena,Morrott,zmorrott76@mayoclinic.com,UoWEUyJ2,193425,43142,15951,3500,953,129879
260,Glad,Barthram,gbarthram77@clickbank.net,LKH9NRJ6,81333,13912,5547,3500,953,57421
261,Ashli,Myhan,amyhan78@prlog.org,KDMWzs,211836,48481,18190,3500,953,140712
262,Eudora,Loads,eloads79@a8.net,si7PDv,233278,55162,18043,3500,953,155620
263,Ara,Astbury,aastbury7a@harvard.edu,tZIEosab6j,176876,38343,13939,3500,953,120142
264,Ky,Ethelstone,kethelstone7b@surveymonkey.com,EhwmCuF,164377,34718,12419,3500,953,112788
265,Caterina,Madelin,cmadelin7c@cloudflare.com,mCKIhRMTbRx2,192062,42747,15785,3500,953,129077
266,Arlee,Jzhakov,ajzhakov7d@baidu.com,ui5dYCLURMO,158700,33072,11728,3500,953,109447
267,Fitz,Aubery,faubery7e@dropbox.com,quP0j5Zv,26146,3922,1320,1490,413,19000
268,Clareta,Kydde,ckydde7f@deviantart.com,aPs9Ht,290704,74113,25600,3500,953,186538
269,Rodrique,Colombier,rcolombier7g@blinklist.com,jMHGQb9Wuc,224899,52397,16940,3500,953,151109
270,Richmound,Bollis,rbollis7h@thetimes.co.uk,cSvDvJqzC9O,171002,36639,13224,3500,953,116686
271,Basilius,Troctor,btroctor7i@reference.com,iC8sgInsT,250392,60810,20295,3500,953,164834
272,Meagan,Baile,mbaile7j@virginia.edu,s2T5RB,222807,51707,16665,3500,953,149983
273,Portie,Turtle,pturtle7k@trellian.com,T8P1fxd,133541,26438,10220,3500,953,92430
274,Seumas,Dodgshon,sdodgshon7l@taobao.com,Ep4ZlPJBBZ,286680,72785,25071,3500,953,184372
275,Alika,Soloway,asoloway7m@alexa.com,xQKiHxHsf,235161,55784,18291,3500,953,156634
276,Thia,Pirozzi,tpirozzi7n@tiny.cc,u9AkQh,188978,41852,15410,3500,953,127263
277,Prisca,Carradice,pcarradice7o@gnu.org,aB46xjuo7p,236278,56152,18438,3500,953,157235
278,Matty,Felten,mfelten7p@creativecommons.org,K3o4aTW0Tb,63947,10348,3956,3500,953,45190
279,Chaddy,Desseine,cdesseine7q@dyndns.org,eg7QI6F,121846,23398,8915,3500,953,85081
280,Merwyn,Roscher,mroscher7r@1und1.de,NYKljhg,75991,12817,5058,3500,953,53663
281,Opaline,Scarsbrook,oscarsbrook7s@dropbox.com,zhxOzYWF,218916,50534,19051,3500,953,144878
282,Iorgo,Cafferty,icafferty7t@archive.org,A0jbyF2hGll,261793,64572,21796,3500,953,170973
283,Kat,Torre,ktorre7u@behance.net,J43jLY6,212163,48576,18229,3500,953,140905
284,Berke,Walker,bwalker7v@vinaora.com,YdFx8OPC5p,250961,60998,20370,3500,953,165141
285,Billy,Sprason,bsprason7w@kickstarter.com,dJGxAM1OVk,186819,41226,15148,3500,953,125992
286,Khalil,Corlett,kcorlett7x@umich.edu,U8RbSx,205308,46588,17396,3500,953,136871
287,Benedick,Bissell,bbissell7y@elpais.com,zHgPqN0T,129072,25276,9722,3500,953,89621
288,Ambrosi,Iliffe,ailiffe7z@webeden.co.uk,oqmUOTaAYj,33806,5071,1707,1927,534,24567
289,Audi,Gossart,agossart80@discuz.net,vhtPZ20hWo,160083,33473,11897,3500,953,110261
290,Roslyn,Grinstead,rgrinstead81@addtoany.com,a2uVLKSSVa4T,34299,5145,1732,1955,542,24925
291,Toni,Gotliffe,tgotliffe82@sogou.com,SgRurDAT,42283,6342,2135,2410,668,30727
292,Jany,Fielden,jfielden83@mapquest.com,f3pGnz,216488,49830,18755,3500,953,143450
293,Royal,Brome,rbrome84@shareasale.com,B8gEVvsqvpn,145518,29552,11557,3500,953,99956
294,Laurens,Linnitt,llinnitt85@freewebs.com,cbnyEp,110822,20531,7685,3500,953,78153
295,Farley,Gherardini,fgherardini86@aol.com,7QPD4E,89932,15675,6334,3500,953,63471
296,Kelci,Stammler,kstammler87@alexa.com,KazZytPmr4,250045,60695,20250,3500,953,164647
297,Delmore,Barlee,dbarlee88@blinklist.com,YogdSUA,200016,45053,16752,3500,953,133758
298,Sibella,Westlake,swestlake89@1und1.de,TmkQNu,90786,15850,6412,3500,953,64072
299,Coop,Downton,cdownton8a@themeforest.net,TwQaaj,215186,49453,18597,3500,953,142684
300,Thibaut,Pardew,tpardew8b@amazonaws.com,97RrYaVk,263646,65184,22039,3500,953,171970
301,Leighton,Vickars,lvickars8c@tripod.com,Du0mVL,139874,28085,10927,3500,953,96409
302,Putnem,De Pietri,pdepietri8d@t-online.de,dhTR1D,282036,71252,24460,3500,953,181871
303,Vassily,Carabine,vcarabine8e@msn.com,nEGmUQQpTFM,108957,20046,7477,3500,953,76981
304,Corinne,Feavearyear,cfeavearyear8f@t-online.de,sXTPdR4O0E9C,87238,15123,6087,3500,953,61575
305,Evanne,Guidotti,eguidotti8g@aboutads.info,7cfoo41KREkK,68476,11277,4370,3500,953,48376
306,Cirstoforo,Deveril,cdeveril8h@geocities.jp,BErKja,134798,26765,10361,3500,953,93220
307,Gauthier,Le - Count,glecount8i@ebay.co.uk,49eAtY,181370,39646,14485,3500,953,122786
308,Nikos,Oven,noven8j@about.com,q4MxlvoK,118780,22600,8573,3500,953,83154
309,Kristy,McClaurie,kmcclaurie8k@discuz.net,kIF9aeCjf3,98094,17348,6265,3500,953,70028
310,Cara,Kopec,ckopec8l@ucoz.com,XYiBTKgfnq,284224,71974,24748,3500,953,183049
311,Gwennie,Littley,glittley8m@jiathis.com,VRbtHn,295178,75589,26189,3500,953,188947
312,Joachim,Chatten,jchatten8n@hibu.com,NJTCBT0o,281562,71096,24397,3500,953,181616
313,Lyell,O' Molan,lomolan8o@pagesperso-orange.fr,FoXYgMUjoF1,277931,69898,23919,3500,953,179661
314,Carolyn,Sevior,csevior8p@wikipedia.org,NBIt7CN7gTC,97505,17228,6199,3500,953,69626
315,Grazia,Meynell,gmeynell8q@wsj.com,UjfPr5,60360,9613,3628,3441,953,42726
316,Eldin,Joselson,ejoselson8r@intel.com,sPS1JW0vx,192056,42745,15784,3500,953,129074
317,Gleda,Silverthorn,gsilverthorn8s@oracle.com,zU7w1yCw5g,45131,6770,2279,2572,713,32797
318,Paige,Hardman,phardman8t@cisco.com,HULedkm4Ezys,44594,6689,2252,2542,705,32406
319,Tiffany,Morrid,tmorrid8u@blogspot.com,egPuRXhzrlM,197502,44324,16447,3500,953,132278
320,Cristin,Pinnington,cpinnington8v@biblegateway.com,q2nOyHmv7F,55523,8621,3185,3165,877,39674
321,Ashlie,Blanchette,ablanchette8w@dell.com,TmrRFS,245214,59101,19614,3500,953,162046
322,Glenn,Washbrook,gwashbrook8x@freewebs.com,HA4zu8OYy3,34667,5200,1751,1976,548,25193
323,Jacinda,Melbert,jmelbert8y@qq.com,Spf1Zo,229615,53953,17561,3500,953,153648
324,Ive,Sexstone,isexstone8z@google.com.hk,HdQMgoR9tO,269991,67278,22874,3500,953,175386
325,Sutton,Davys,sdavys90@tiny.cc,pvEI6BopXW0,167929,35748,12851,3500,953,114878
326,Caz,Adamolli,cadamolli91@sogou.com,mqI1chq3,270101,67314,22889,3500,953,175446
327,Ernie,Asling,easling92@quantcast.com,sOkKT2qjs76,49964,7495,2676,2848,789,36156
328,Aila,Parken,aparken93@dropbox.com,7mwRjKZ,37736,5660,1906,2151,596,27423
329,Jacinda,Moylan,jmoylan94@tripod.com,vGGj3b,195491,43741,16202,3500,953,131095
330,Lynnette,Backler,lbackler95@histats.com,3OkGbbTN1,241476,57868,19122,3500,953,160034
331,Malcolm,Moehler,mmoehler96@hud.gov,5zSC5z2J,46934,7040,2399,2675,742,34078
332,Carissa,Edgler,cedgler97@flavors.me,ITs8ruzOR7,211115,48272,18102,3500,953,140288
333,Beniamino,Gonnelly,bgonnelly98@edublogs.org,7ugUh7YBo,121005,23179,8821,3500,953,84552
334,Rianon,Semiraz,rsemiraz99@youtube.com,3pi9IzFiCzM,150511,30850,10733,3500,953,104475
335,Boy,Lugsdin,blugsdin9a@biblegateway.com,lQ6zPZx3qKL,48664,7300,2557,2774,769,35264
336,Luz,Lummis,llummis9b@unesco.org,9wBd70XRXoI,244871,58988,19569,3500,953,161862
337,Malory,Dictus,mdictus9c@bigcartel.com,5JobbIuGUT,218842,50513,19042,3500,953,144835
338,Emlen,Slaght,eslaght9d@goodreads.com,wKrble83yc5,66428,10857,4183,3500,953,46936
339,Quincy,Kenson,qkenson9e@cloudflare.com,ZkvTx8N4c,60479,9637,3639,3447,953,42803
340,Latrena,Pydcock,lpydcock9f@wsj.com,Od862y,59264,9388,3527,3378,936,42034
341,Frazer,Allcroft,fallcroft9g@google.de,pXCaWGLF,289393,73680,25428,3500,953,185832
342,Hervey,Trinkwon,htrinkwon9h@photobucket.com,q69RD8hFK0D,200052,45064,16757,3500,953,133779
343,Holden,Feary,hfeary9i@cbslocal.com,nXtmIs5TP,105671,19192,7110,3500,953,74916
344,Roselin,McRobert,rmcrobert9j@flickr.com,P1jSyekBWf0Y,32594,4889,1646,1858,515,23686
345,Neely,Inglese,ninglese9k@boston.com,vuNpWNREB,299275,76941,26728,3500,953,191153
346,Bobby,Gregore,bgregore9l@sciencedaily.com,GWk21z4M1uJk,86762,15025,6043,3500,953,61241
347,Lorelle,Retchford,lretchford9m@drupal.org,FBcEbAaxvv9,286294,72658,25020,3500,953,184164
348,Kameko,Cash,kcash9n@fotki.com,L8r8vjCHxF,46953,7043,2401,2676,742,34091
349,Aubrey,Scannell,ascannell9o@bravesites.com,oiYN2q6qK4Y,74468,12505,4919,3500,953,52592
350,Geri,Copson,gcopson9p@elegantthemes.com,3I78q4oH,114187,21406,8061,3500,953,80268
351,Jilly,Colvin,jcolvin9q@patch.com,uoxiXT3VD,219459,50692,19117,3500,953,145198
352,Lisette,Petlyura,lpetlyura9r@about.me,E5Nv7qo7c3C,188828,41809,15392,3500,953,127175
353,Uta,Gouck,ugouck9s@digg.com,3iiB9vxC,264637,65511,22170,3500,953,172504
354,Vale,Sherman,vsherman9t@ycombinator.com,EjNj0CY,46920,7038,2398,2674,741,34068
355,Regan,Seyffert,rseyffert9u@eepurl.com,LGGAgx,212523,48681,18273,3500,953,141117
356,Sheffield,Murch,smurch9v@nih.gov,1Hlc4EOX,255065,62352,20910,3500,953,167350
357,Ricoriki,Biss,rbiss9w@nasa.gov,OrnHfqylLMiY,287430,73032,25169,3500,953,184776
358,Maiga,Van den Broek,mvandenbroek9x@answers.com,hEMDNKza,249484,60510,20176,3500,953,164345
359,Mireielle,Meah,mmeah9y@upenn.edu,qRhr34ef4OoS,100114,17763,6490,3500,953,71409
360,Granger,Dust,gdust9z@webeden.co.uk,kVKy1HVGh,197211,44240,16411,3500,953,132107
361,Barris,Clissell,bclissella0@nba.com,YaGW8nyMxaYE,31698,4755,1601,1807,501,23035
362,Bourke,Duckworth,bduckwortha1@cisco.com,p80zjCK,82821,14217,5683,3500,953,58468
363,Caryl,Brennan,cbrennana2@zdnet.com,01LEc7sh,160193,33505,11910,3500,953,110326
364,Reynard,Roseman,rrosemana3@washington.edu,pc1l8N,35878,5382,1812,2045,567,26073
365,Modestia,Sweetman,msweetmana4@mit.edu,WOIAbqA,214422,49231,18504,3500,953,142234
366,Marlon,Caldeiro,mcaldeiroa5@wordpress.com,ktSxM0Xvcit,87338,15143,6096,3500,953,61646
367,Geraldine,Whillock,gwhillocka6@canalblog.com,Gx8aDdeFFn,54092,8328,3054,3083,855,38772
368,Avrit,Keeltagh,akeeltagha7@163.com,ZGldi4L2W,48889,7333,2578,2787,772,35418
369,Clovis,MacLachlan,cmaclachlana8@paypal.com,1T5KY2gLWR,261746,64557,21789,3500,953,170947
370,Bernelle,Cordelette,bcordelettea9@123-reg.co.uk,M0RFrM,112083,20859,7826,3500,953,78946
371,Henrik,Bern,hbernaa@nationalgeographic.com,83Z3GtPhMRGv,29415,4412,1485,1677,465,21376
372,Corina,Knutsen,cknutsenab@elegantthemes.com,m2MNlUYMBmb2,37479,5622,1893,2136,592,27236
373,Rey,Summerrell,rsummerrellac@mozilla.org,hGH2NWMhfz,156821,32527,11500,3500,953,108342
374,Fabiano,Keune,fkeunead@cnn.com,ZyHgnF6Iirl5,115468,21739,8203,3500,953,81073
375,Robena,de Pinna,rdepinnaae@wired.com,ABOC8i,28218,4233,1425,1608,446,20506
376,Guthrey,Nacci,gnacciaf@aboutads.info,0zZMVXOqL,215510,49547,18636,3500,953,142874
377,Kaiser,Seymour,kseymourag@geocities.jp,RZefRitY,122312,23519,8967,3500,953,85373
378,Agathe,Wingeatt,awingeattah@delicious.com,Ga5xMmflO,160892,33708,11995,3500,953,110737
379,Dorian,Rounsefull,drounsefullai@cloudflare.com,MUQuvRzmu,39122,5868,1976,2230,618,28430
380,Laurie,Leech,lleechaj@dailymotion.com,LeDwfi,206227,46855,17508,3500,953,137412
381,Newton,Baty,nbatyak@ebay.co.uk,hsSMpSrn7g,191518,42589,15719,3500,953,128757
382,Rickard,Caseri,rcaserial@fc2.com,TDlVNenROsM,264931,65608,22209,3500,953,172662
383,Karim,Gramer,kgrameram@domainmarket.com,0165BdqUq,151495,31106,10852,3500,953,105084
384,Josephina,Ghilks,jghilksan@wired.com,crNXMp8b,292907,74840,25890,3500,953,187724
385,Raynell,Blaney,rblaneyao@home.pl,7F3R28vq,104761,18955,7009,3500,953,74344
386,Kenna,Le Floch,kleflochap@soundcloud.com,MlJ0yKUbi,251235,61088,20406,3500,953,165288
387,Ring,Kobpa,rkobpaaq@walmart.com,5fgqRTpksJ,115002,21618,8151,3500,953,80780
388,Marlena,Greenin,mgreeninar@vimeo.com,Gh1tS9,122281,23511,8964,3500,953,85354
389,Demetrius,Blazi,dblazias@oaic.gov.au,nnLlJh102,157491,32721,11581,3500,953,108736
390,Georgette,Cockell,gcockellat@jiathis.com,FydzLXlWD,295263,75617,26200,3500,953,188993
391,Tuck,Lowen,tlowenau@japanpost.jp,1QjEQrJYI5sh,250538,60858,20314,3500,953,164913
392,Savina,Russi,srussiav@aol.com,5V1pJ8TSy8h,167574,35645,12807,3500,953,114669
393,Farlay,Kitchin,fkitchinaw@shutterfly.com,gU8UVNPHsJ8,93757,16459,5781,3500,953,67065
394,Lira,Moret,lmoretax@feedburner.com,pAWOkZd54fZX,198812,44704,16606,3500,953,133049
395,Brandice,Migheli,bmigheliay@fc2.com,icmZrJ,31035,4655,1567,1769,490,22553
396,Fitz,Nother,fnotheraz@deviantart.com,aBPbsSEh1HUS,76963,13017,5147,3500,953,54347
397,Anson,Sigart,asigartb0@ameblo.jp,Xkvb0qB8b,157598,32752,11594,3500,953,108799
398,Jdavie,Guly,jgulyb1@flickr.com,4KO8ZS5w0,204175,46260,17258,3500,953,136205
399,Alan,Guarin,aguarinb2@oakley.com,mcOqjZDE,53869,8282,3034,3071,851,38631
400,Daniele,Pakes,dpakesb3@bizjournals.com,acUeZPzM9,199100,44788,16641,3500,953,133219
401,Berry,Pendlington,bpendlingtonb4@microsoft.com,Y7mrxDd4IA3r,112336,20925,7854,3500,953,79105
402,Mikaela,Tippett,mtippettb5@ning.com,TiQkPneP,25478,3822,1287,1452,403,18515
403,Willow,Scutts,wscuttsb6@google.cn,cr7enFWXuKe,147939,30182,11827,3500,953,101477
404,Traver,McRavey,tmcraveyb7@ameblo.jp,c66eJyWw,96793,17082,6119,3500,953,69139
405,Aida,Couche,acoucheb8@cdc.gov,eAhxCI,145153,29457,11516,3500,953,99727
406,Jillene,Errol,jerrolb9@cloudflare.com,WP6SmLhuUVl,206146,46831,17498,3500,953,137364
407,Courtney,Quye,cquyeba@biglobe.ne.jp,bdP2xx,84033,14466,5794,3500,953,59321
408,Bordy,Leel,bleelbb@foxnews.com,UFE3ngf4M,93555,16418,5758,3500,953,66927
409,Ralph,McCrudden,rmccruddenbc@shutterfly.com,rO6PaiW,40818,6123,2061,2327,645,29662
410,Karen,Wrintmore,kwrintmorebd@fotki.com,XzjVsNDWc9,187905,41541,15280,3500,953,126631
411,Eolande,Licciardo,elicciardobe@naver.com,TxQIUWXVM,137330,27423,10643,3500,953,94811
412,Evaleen,Perrot,eperrotbf@ft.com,sU2PmzbbuyF,204297,46295,17273,3500,953,136276
413,Francklin,Dignon,fdignonbg@tinyurl.com,o2BXUZzif0,111246,20642,7732,3500,953,78420
414,Merle,Dyment,mdymentbh@macromedia.com,REPuyxMk6,184684,40607,14888,3500,953,124736
415,Elaine,Gruby,egrubybi@hatena.ne.jp,on6RE5Gv,241355,57828,19106,3500,953,159969
416,Currey,Aubery,cauberybj@archive.org,ax80H0,117766,22337,8460,3500,953,82517
417,Keen,Espada,kespadabk@ycombinator.com,0e8euMJI,121311,23258,8856,3500,953,84744
418,Ernie,Hellwig,ehellwigbl@mayoclinic.com,ia2hCk4kvo,176319,38181,13871,3500,953,119814
419,Gisele,Nelthorpe,gnelthorpebm@seesaa.net,piH2dOs8,42423,6363,2142,2418,670,30829
420,Hildy,Geach,hgeachbn@myspace.com,GMeD8W03qm,172208,36989,13371,3500,953,117395
421,Maryl,Gunney,mgunneybo@dot.gov,9t3PRIf2a3m,258538,63498,21367,3500,953,169220
422,Reece,Brient,rbrientbp@sohu.com,EXgGNkt08,85224,14710,5903,3500,953,60159
423,Sophie,Trudgian,strudgianbq@desdev.cn,9zAIDynW8E5d,30960,4644,1563,1765,489,22499
424,Thibaud,Staten,tstatenbr@unblog.fr,e4EjL0M,83673,14392,5761,3500,953,59068
425,Kristian,Hylton,khyltonbs@boston.com,e1qGmEhz6,218521,50420,19003,3500,953,144646
426,Katharina,Kleyn,kkleynbt@amazonaws.com,4nM6Qp18AJ,224155,52152,16842,3500,953,150708
427,Cathe,Moorton,cmoortonbu@wsj.com,bdvjqAm,190070,42169,15543,3500,953,127905
428,Kamilah,Prettejohns,kprettejohnsbv@virginia.edu,MOysDF,28511,4277,1440,1625,450,20719
429,Bertine,Roser,broserbw@nih.gov,ErzJPDsaRK7,154048,31770,11163,3500,953,106663
430,Nathan,Kruschov,nkruschovbx@oaic.gov.au,D3kr8NR,248111,60057,19995,3500,953,163606
431,Nick,Tumpane,ntumpaneby@dagondesign.com,XKT7PZl,293133,74914,25920,3500,953,187846
432,Cherlyn,Dummer,cdummerbz@etsy.com,4fo1ks,269329,67059,22787,3500,953,175030
433,Gerladina,Alpine,galpinec0@chicagotribune.com,Hbibkpti,210016,47953,17968,3500,953,139642
434,Tomas,Gillio,tgillioc1@flickr.com,AqeKgn,104430,18869,6972,3500,953,74136
435,Amory,Conrad,aconradc2@ocn.ne.jp,dsnfo1AtLWef,68513,11284,4374,3500,953,48402
436,Lynette,Benedetti,lbenedettic3@fema.gov,9KLOn2fFM,259563,63836,21502,3500,953,169772
437,Ashli,Bukac,abukacc4@go.com,uubacnS,122442,23553,8982,3500,953,85455
438,Jourdain,Wharin,jwharinc5@theglobeandmail.com,9vT5h3,69314,11449,4447,3500,953,48966
439,Nessie,Loveitt,nloveittc6@sphinn.com,mwgNSJpnJk,183691,40319,14767,3500,953,124152
440,Maddy,Nockells,mnockellsc7@deliciousdays.com,pCBrbeHEJEgq,118328,22483,8523,3500,953,82870
441,Dottie,Davion,ddavionc8@stumbleupon.com,OiDcQYYRoRce,97182,17161,6163,3500,953,69405
442,Donica,Sickamore,dsickamorec9@cornell.edu,zRyKa2bO,228507,53588,17415,3500,953,153051
443,Jeddy,Van der Kruys,jvanderkruysca@comsenz.com,v2oQGOmW6m,140429,28229,10989,3500,953,96758
444,Delaney,Bradden,dbraddencb@state.gov,9tx2IGFjmO,30720,4608,1551,1751,485,22324
445,Rowland,Speddin,rspeddincc@google.cn,bxoeEtOPsT2k,296233,75937,26328,3500,953,189515
446,Xylina,Risborough,xrisboroughcd@japanpost.jp,u74lIy45jZq,120350,23009,8748,3500,953,84141
447,Kalle,Fontes,kfontesce@bloglines.com,wyazvY67u,134786,26762,10359,3500,953,93212
448,Otis,Batsford,obatsfordcf@plala.or.jp,vnS4VJc,58968,9328,3500,3361,932,41847
449,Charyl,Boxer,cboxercg@elegantthemes.com,XD4UskJ,249786,60610,20216,3500,953,164508
450,Kelsy,Clapston,kclapstonch@craigslist.org,zWQB16NbY,53091,8123,2963,3026,839,38141
451,Marrissa,Evill,mevillci@angelfire.com,LO8Oox8uVIoO,93943,16497,5801,3500,953,67192
452,Carmelia,Allain,callaincj@bloomberg.com,HriW4Ugc,280494,70744,24257,3500,953,181041
453,Leontine,Mahoney,lmahoneyck@microsoft.com,4senoYk,139772,28058,10916,3500,953,96345
454,Leland,Sloey,lsloeycl@unicef.org,RQfE9npxrZv,150240,30780,10700,3500,953,104308
455,Saundra,Gutridge,sgutridgecm@businessinsider.com,0lwUm4um,269513,67120,22812,3500,953,175129
456,Donnie,Antonin,dantonincn@cnbc.com,gclQxft,117383,22237,8417,3500,953,82276
457,Doll,Fearon,dfearonco@businessinsider.com,fc73OFwT,176100,38118,13844,3500,953,119685
458,Keven,Cranson,kcransoncp@rambler.ru,jyriXyqef,201455,45471,16927,3500,953,134604
459,Rochette,Monckton,rmoncktoncq@princeton.edu,ztusW6DBeKeS,224969,52420,16950,3500,953,151147
460,Gherardo,Salasar,gsalasarcr@drupal.org,JLu4QrkBgVG,276669,69481,23753,3500,953,178982
461,Welbie,Giacomini,wgiacominics@feedburner.com,EyrZbfxa,227048,53106,17223,3500,953,152266
462,Patty,Gentil,pgentilct@shop-pro.jp,DyNts5tF,125750,24413,9351,3500,953,87534
463,Libbey,Ebdin,lebdincu@gizmodo.com,xTBepJ53y,161604,33914,12082,3500,953,111156
464,Nerty,Marin,nmarincv@miibeian.gov.cn,Ta0Zx6,169805,36292,13079,3500,953,115981
465,Binnie,Grzeszczak,bgrzeszczakcw@boston.com,BV3EFVLQqR,247522,59863,19918,3500,953,163289
466,Doyle,Lowcock,dlowcockcx@ovh.net,RZUsQo8u8,284653,72116,24804,3500,953,183280
467,Elwyn,Zanre,ezanrecy@shop-pro.jp,wRjSRVx,245222,59104,19615,3500,953,162051
468,Gaston,Fibbens,gfibbenscz@shareasale.com,NYaho5,192050,42743,15784,3500,953,129070
469,Selma,Wallbutton,swallbuttond0@netvibes.com,WluvIIelnh,82415,14134,5646,3500,953,58183
470,Allsun,de Leon,adeleond1@cnbc.com,ZvnbG91qXmmt,52157,7931,2877,2973,824,37552
471,Courtenay,Elwyn,celwynd2@netscape.com,ItU6zFNR,156839,32532,11502,3500,953,108352
472,Jessalyn,Jakubowski,jjakubowskid3@sina.com.cn,C40FDm,76852,12994,5137,3500,953,54269
473,Arden,Hammatt,ahammattd4@bbc.co.uk,vIxdydE,96617,17046,6100,3500,953,69019
474,Lydia,Postan,lpostand5@cocolog-nifty.com,kbXR93vFAF,180304,39337,14355,3500,953,122159
475,Leo,Towers,ltowersd6@foxnews.com,lglpn1MR,289781,73808,25479,3500,953,186041
476,Frederico,Mattevi,fmattevid7@hp.com,52tO2A,30869,4630,1559,1760,488,22433
477,Carolan,Simla,csimlad8@sina.com.cn,dAHXrkRR,184359,40513,14849,3500,953,124545
478,Lily,Dunkerley,ldunkerleyd9@w3.org,al0RftOD,172493,37072,13406,3500,953,117563
479,Cristen,Mazzilli,cmazzillida@unesco.org,6K6oylQAS,187695,41480,15254,3500,953,126508
480,Dacy,Garnsworth,dgarnsworthdb@census.gov,98CoEQn9VAP,102450,18355,6751,3500,953,72892
481,Ximenez,Pratten,xprattendc@dot.gov,bNi0WFJlb6f5,72331,12067,4723,3500,953,51088
482,Tybi,Dornin,tdornindd@theglobeandmail.com,soglAkl,250778,60937,20346,3500,953,165042
483,Natala,Milmore,nmilmorede@mit.edu,lbf5f5,28187,4228,1423,1607,445,20483
484,Cecile,Wykey,cwykeydf@last.fm,fJpSWk0k,127089,24761,9500,3500,953,88375
485,Christye,Ballance,cballancedg@4shared.com,eZc5j8nf,75911,12801,5051,3500,953,53607
486,Alvina,Kubelka,akubelkadh@networkadvertising.org,qFgX5Hpx,185984,40984,15046,3500,953,125501
487,Chastity,Devereux,cdevereuxdi@php.net,zwrYYXY,102934,18480,6805,3500,953,73196
488,Yoshi,Corley,ycorleydj@scientificamerican.com,gKXvX6mgcK,200705,45253,16836,3500,953,134163
489,Dell,Sydry,dsydrydk@xing.com,Ym9GuH,128597,25153,9669,3500,953,89323
490,Philippine,O'Towey,potoweydl@live.com,9fxO2oKxj,138546,27740,10779,3500,953,95575
491,Theodoric,Clixby,tclixbydm@canalblog.com,kyI1XE05qbQF,103056,18512,6818,3500,953,73273
492,Alanah,Roots,arootsdn@wikipedia.org,CGWaFcid,225844,52709,17065,3500,953,151618
493,Halsy,Nusche,hnuschedo@wsj.com,JF2yUtWp,167071,35499,12746,3500,953,114373
494,Madelena,Meckiff,mmeckiffdp@tamu.edu,ezucO00hCIC,49281,7392,2614,2809,779,35687
495,Joli,Dawltrey,jdawltreydq@senate.gov,KySa4B,85833,14835,5958,3500,953,60587
496,Gennifer,Brambley,gbrambleydr@ow.ly,MJF6jKGEVf,100391,17819,6521,3500,953,71598
497,Jose,Smurfitt,jsmurfittds@so-net.ne.jp,FFFr4ryYx,96677,17058,6106,3500,953,69060
498,Lyn,Burehill,lburehilldt@purevolume.com,kWJavKY,208043,47381,17728,3500,953,138481
499,Drucill,Totton,dtottondu@ebay.com,PjSvvF,188286,41652,15326,3500,953,126856
500,Salim,Doward,sdowarddv@parallels.com,py7o9Sb5,233692,55299,18098,3500,953,155843
501,Amye,Tesauro,atesaurodw@edublogs.org,JMF0qWI,161705,33943,12094,3500,953,111215
502,Lynda,Kertess,lkertessdx@independent.co.uk,9ubR9uS1avz,28386,4258,1433,1618,448,20628
503,Julie,Yakovlev,jyakovlevdy@bloglovin.com,QoB1c8nLSUt9,139800,28066,10919,3500,953,96363
504,Lucky,Nussii,lnussiidz@mac.com,yu1aOU3aV,121092,23202,8831,3500,953,84607
505,Dasie,Chubb,dchubbe0@squidoo.com,blrgZz9t,164893,34868,12481,3500,953,113091
506,Brietta,Embery,bemberye1@state.tx.us,GgSK9LW2d,97166,17158,6161,3500,953,69394
507,Dani,Arkwright,darkwrighte2@technorati.com,Hsh6sVW,167005,35480,12738,3500,953,114334
508,Clevey,Raittie,craittiee3@omniture.com,sCtCbACL,55418,8600,3175,3159,876,39608
509,Antoinette,Tirrell,atirrelle4@gov.uk,yk8QsRpN,98466,17425,6306,3500,953,70283
510,Hallsy,Sturte,hsturtee5@php.net,NewffL,284694,72130,24809,3500,953,183303
511,Petronilla,Thebeau,pthebeaue6@ucoz.ru,97rOUMx,105255,19084,7064,3500,953,74655
512,Modestine,Hand,mhande7@ameblo.jp,zggU8Y0NUl1,234279,55493,18175,3500,953,156159
513,Harmony,Wheelhouse,hwheelhousee8@alibaba.com,Rz7bGfq,162152,34073,12148,3500,953,111478
514,Rochette,Paur,rpaure9@qq.com,Te8jNYvucya,272650,68155,23224,3500,953,176818
515,Ulrika,Laws,ulawsea@twitpic.com,dKVw4pTbM,172158,36975,13365,3500,953,117366
516,Talia,O'Conor,toconoreb@delicious.com,nISGKcXUI,278383,70047,23979,3500,953,179905
517,Xerxes,Lapsley,xlapsleyec@tripadvisor.com,PsoVWYxRq,170411,36468,13152,3500,953,116338
518,Abran,Aymeric,aaymericed@wikia.com,WESHEhFOuCwX,220869,51101,16410,3500,953,148906
519,Isa,Vasyunkin,ivasyunkinee@cloudflare.com,hUMjDPhQh,39782,5967,2009,2268,629,28910
520,Trixi,Brownsett,tbrownsettef@bloglines.com,mv98IDJUoUj,53431,8193,2994,3046,844,38355
521,Theresa,Trevain,ttrevaineg@com.com,XDbnG4UBwm,87835,15245,6142,3500,953,61995
522,Tory,Gahagan,tgahaganeh@dot.gov,jKnN82sXd,225982,52755,17083,3500,953,151692
523,Ferd,Francombe,ffrancombeei@godaddy.com,Q8BZD0GshqW9,87631,15204,6123,3500,953,61852
524,Gal,Janew,gjanewej@bluehost.com,Dwh7Kv2O9ASF,65184,10602,4069,3500,953,46061
525,Allina,Ladson,aladsonek@blogger.com,uToCRNBv59bq,136348,27168,10534,3500,953,94194
526,Temple,Bagwell,tbagwellel@unc.edu,OEzeZ6qxvSg,271283,67704,23045,3500,953,176082
527,Imelda,Moir,imoirem@elpais.com,1JrPcQOQ,150268,30787,10703,3500,953,104325
528,Zak,Talton,ztaltonen@hud.gov,DkTq0t1,268342,66733,22657,3500,953,174499
529,Robbyn,Olle,rolleeo@microsoft.com,QBCtHG,228696,53650,17440,3500,953,153153
530,Maisey,Jollands,mjollandsep@samsung.com,11AvuiJ3Ht1,94371,16585,5849,3500,953,67484
531,Silas,Rankcom,srankcomeq@ocn.ne.jp,aJDieN,267515,66460,22549,3500,953,174053
532,Ag,Jacmard,ajacmarder@imdb.com,MC0Z6cCFi,67621,11101,4292,3500,953,47775
533,Rabbi,Breach,rbreaches@mediafire.com,2mzINgTz0,83731,14404,5766,3500,953,59108
534,Noellyn,Ealles,nealleset@squarespace.com,Fc87NPbUR1f,219395,50673,19109,3500,953,145160
535,Morgen,Swaddle,mswaddleeu@yelp.com,c4gsjPRT,40992,6149,2070,2337,648,29789
536,Lory,Crowch,lcrowchev@alibaba.com,FbfyZG4Eh,137466,27459,10658,3500,953,94896
537,Verine,Boustred,vboustredew@illinois.edu,x6Oi2Qgj,134646,26726,10344,3500,953,93124
538,Erina,Boulsher,eboulsherex@loc.gov,wIio8b1ox,50486,7589,2724,2878,798,36498
539,Annecorinne,Michie,amichieey@adobe.com,c5s6fthE,49257,7389,2612,2808,778,35671
540,Harlin,Walkley,hwalkleyez@google.de,v6rKdFAy,201134,45378,16888,3500,953,134415
541,Nikoletta,Wilce,nwilcef0@ehow.com,tDLwIC9mdV8,44599,6690,2252,2542,705,32410
542,Pete,Lough,ploughf1@delicious.com,W9JKQHZw,171171,36688,13245,3500,953,116785
543,Gabriellia,Belchamber,gbelchamberf2@china.com.cn,JeXnKTz8o,37823,5673,1910,2156,598,27486
544,Maxine,Normant,mnormantf3@rediff.com,v7HILZ5s,128723,25186,9683,3500,953,89402
545,Richart,Ciardo,rciardof4@over-blog.com,oqNKM1Re5,115444,21733,8201,3500,953,81058
546,Piotr,MacKibbon,pmackibbonf5@nytimes.com,ZFCN7fwJ,98336,17398,6292,3500,953,70194
547,Lorita,Falkous,lfalkousf6@slashdot.org,VpkUOO6geRYU,28010,4202,1415,1597,443,20355
548,Dulcia,Caneo,dcaneof7@dailymail.co.uk,6YC5mGuXn,88937,15471,6242,3500,953,62771
549,Ashia,Anslow,aanslowf8@pcworld.com,vKIlvPoySGC,257502,63156,21231,3500,953,168662
550,Elia,Cappleman,ecapplemanf9@cam.ac.uk,gczG1TaL0,171358,36743,13268,3500,953,116895
551,Deena,Rushworth,drushworthfa@timesonline.co.uk,lOtYCT,173041,37231,13472,3500,953,117885
552,Chan,Sumpton,csumptonfb@360.cn,KjkR1rPdR,208246,47440,17753,3500,953,138600
553,Rosabelle,Dominec,rdominecfc@skyrock.com,4NjTrKS,49686,7453,2651,2832,785,35965
554,Lurline,Stawell,lstawellfd@unc.edu,zBgSkVLnWK,180674,39444,14400,3500,953,122377
555,Shandee,Weinberg,sweinbergfe@amazon.de,HRospDm,48043,7206,2501,2738,759,34838
556,Pearce,Prier,pprierff@wsj.com,3cEjoczsyb,39017,5853,1970,2224,616,28354
557,Hewie,Nyland,hnylandfg@google.it,7y8RaYpthb,121165,23221,8839,3500,953,84653
558,Dominik,Haselgrove,dhaselgrovefh@cnbc.com,RtMFVrOgyik,33804,5071,1707,1927,534,24565
559,Karen,Nabbs,knabbsfi@ox.ac.uk,qk79WWL,155932,32269,11392,3500,953,107819
560,Blinny,Daens,bdaensfj@hp.com,rJcdBSDhbYF,146876,29905,11709,3500,953,100809
561,Hubey,Eastam,heastamfk@com.com,c9TvuPR,266125,66002,22366,3500,953,173305
562,Neall,Enston,nenstonfl@soup.io,gKjbYnecn,54681,8449,3108,3117,864,39143
563,Godwin,Hans,ghansfm@addtoany.com,1repyQwaGe,127751,24933,9574,3500,953,88791
564,Saxe,Lowes,slowesfn@narod.ru,fYTP6wdDfQ,58966,9327,3500,3361,932,41846
565,Roddy,Millin,rmillinfo@google.de,0nWEc8ZJSB,154404,31863,11206,3500,953,106883
566,Tedmund,Kochl,tkochlfp@deviantart.com,3edPGOU1wc,239903,57349,18915,3500,953,159187
567,Timothy,Tabary,ttabaryfq@ebay.co.uk,Wcv1XVy,217459,50112,18873,3500,953,144021
568,Margit,Emlin,memlinfr@cpanel.net,DkSDC7Ch2T,253452,61820,20698,3500,953,166482
569,Verla,Arnauduc,varnauducfs@bloglines.com,JIq9a9iMNMn,240003,57382,18928,3500,953,159241
570,Jacquelynn,Shakelade,jshakeladeft@nasa.gov,LPRe6KLy,211735,48452,18177,3500,953,140653
571,Electra,Fairholme,efairholmefu@biglobe.ne.jp,rVh328,183275,40199,14717,3500,953,123907
572,Augusto,Calender,acalenderfv@gov.uk,wcodQNUmlWbW,71293,11854,4628,3500,953,50358
573,Elli,Snook,esnookfw@netscape.com,UoKxOtS8N,124995,24216,9267,3500,953,87059
574,Shaughn,Megarry,smegarryfx@blinklist.com,KQlxA0Qs,187842,41523,15272,3500,953,126594
575,Tessy,Micallef,tmicalleffy@oracle.com,xURWDYYIdkWF,269031,66961,22748,3500,953,174870
576,Annissa,Jakoub,ajakoubfz@smugmug.com,dwGYBE,34352,5153,1735,1958,543,24964
577,Emelina,Montgomery,emontgomeryg0@illinois.edu,5aal8nXt,140512,28251,10998,3500,953,96810
578,Meagan,Robillard,mrobillardg1@china.com.cn,zSksDsauH,223665,51990,16778,3500,953,150444
579,Theodor,Evensden,tevensdeng2@nba.com,3NjF8xbW,209568,47824,17914,3500,953,139378
580,Cletus,Arnecke,carneckeg3@pen.io,Hz1NJQOqrq,292882,74832,25887,3500,953,187711
581,Rorie,Lemmer,rlemmerg4@usda.gov,W93keD,142985,28894,11274,3500,953,98364
582,Phillip,Matterface,pmatterfaceg5@istockphoto.com,OZFcOMgI,38772,5816,1958,2210,613,28176
583,Georgena,Felgat,gfelgatg6@shutterfly.com,CaFtUmCcyYd,295760,75781,26266,3500,953,189260
584,Aretha,Stelli,astellig7@t.co,5JQJnY9,70350,11661,4542,3500,953,49695
585,Pietra,Kennicott,pkennicottg8@narod.ru,8A5Q7YvZz2,76232,12867,5080,3500,953,53833
586,Kele,Buxcey,kbuxceyg9@shop-pro.jp,j5BL7Vv,136518,27212,10553,3500,953,94301
587,Bret,Kilborn,bkilbornga@facebook.com,JMnZY2,50971,7688,2769,2905,805,36804
588,Schuyler,Dutson,sdutsongb@xrea.com,3ciw8tZNPz,153749,31692,11126,3500,953,106478
589,Sophey,Kilmurry,skilmurrygc@webeden.co.uk,SYz6vYPoqYKk,104609,18916,6992,3500,953,74249
590,Jamison,Broader,jbroadergd@si.edu,XvGSheFzer,231781,54668,17846,3500,953,154814
591,Karlyn,Austick,kaustickge@wsj.com,Zy8pJzx,117968,22389,8482,3500,953,82644
592,Eliot,Pendreigh,ependreighgf@scientificamerican.com,SKdCHW1uDe,178534,38824,14140,3500,953,121118
593,Saree,Bickford,sbickfordgg@senate.gov,m2lZvv,56475,8817,3272,3219,892,40275
594,Dan,Loadsman,dloadsmangh@youku.com,eRbs2he,261642,64522,21776,3500,953,170891
595,Lemmie,Rowan,lrowangi@omniture.com,hT8769GqH,143320,28981,11312,3500,953,98575
596,Jamie,Reinard,jreinardgj@hugedomains.com,Fd353l,212463,48663,18266,3500,953,141081
597,Joshuah,Conyer,jconyergk@cafepress.com,Pfg0SpX,197302,44266,16422,3500,953,132161
598,Genna,Sains,gsainsgl@army.mil,D4fUeDz4l,33948,5092,1714,1935,536,24670
599,Dawna,Byne,dbynegm@delicious.com,spHHPQqfykME,206720,46998,17568,3500,953,137702
600,Lynda,Beaudry,lbeaudrygn@google.com.au,3Eba7goJIhA5,271574,67800,23083,3500,953,176239
601,Shelton,Birtonshaw,sbirtonshawgo@pcworld.com,nNhNhPmj,202390,45742,17041,3500,953,135154
602,Loise,Weerdenburg,lweerdenburggp@dell.com,y98zAlpO3B,48972,7346,2586,2791,774,35475
603,Walden,Daynter,wdayntergq@mail.ru,tIUIGV,148939,30442,11939,3500,953,102106
604,Melisse,Eggar,meggargr@biglobe.ne.jp,6wRRcxu5l,68305,11242,4355,3500,953,48256
605,Roanna,Mallindine,rmallindinegs@tinypic.com,9rHBEXa,161849,33985,12111,3500,953,111300
606,Liza,Brammall,lbrammallgt@ebay.com,TQFkRNaQob,247704,59923,19942,3500,953,163387
607,Rhodie,Cuseck,rcuseckgu@pen.io,EIAtlchLtZxw,119258,22725,8626,3500,953,83454
608,Mary,Faux,mfauxgv@upenn.edu,7O1XkNKhMtn,197153,44223,16404,3500,953,132073
609,Papageno,Gandy,pgandygw@addthis.com,HLRlCnAIZ,225910,52731,17073,3500,953,151653
610,Alvinia,Mooring,amooringgx@addtoany.com,H2Mf1Qb9kEB,86151,14900,5988,3500,953,60811
611,Marmaduke,McInerney,mmcinerneygy@behance.net,ZlR0DI9SI7d,180074,39270,14327,3500,953,122024
612,Rivi,Pennoni,rpennonigz@forbes.com,jPKvitYDR2z,294177,75259,26057,3500,953,188408
613,Kiley,Bahde,kbahdeh0@live.com,y9G41ua,263667,65191,22042,3500,953,171982
614,Chet,Biggerdike,cbiggerdikeh1@jimdo.com,6hXGOEpT8o,222087,51469,16570,3500,953,149595
615,Maryanna,Akister,makisterh2@fotki.com,czVYTZgZt,235874,56019,18385,3500,953,157018
616,Gabriela,MacGauhy,gmacgauhyh3@odnoklassniki.ru,z1LILB0fk,163373,34427,12297,3500,953,112197
617,Ev,Soro,esoroh4@xrea.com,HJwO4MPqgum,253138,61716,20657,3500,953,166313
618,Sigrid,McMaster,smcmasterh5@technorati.com,rRRWnzNyYsh,221862,51395,16541,3500,953,149474
619,Isaiah,Marien,imarienh6@delicious.com,tOwt6HWGhWTa,125786,24422,9355,3500,953,87557
620,Waly,Clougher,wclougherh7@bing.com,pmwE0hl4,48868,7330,2576,2785,772,35404
621,Sharon,Westmoreland,swestmorelandh8@vk.com,6Ptpio2Xu,110886,20548,7692,3500,953,78193
622,Griz,Haile,ghaileh9@wp.com,Ayvc8i6c3noO,45479,6822,2297,2592,719,33050
623,Brice,Bernardos,bbernardosha@msu.edu,GdlImKsbk,95842,16887,6013,3500,953,68489
624,Willow,Coatsworth,wcoatsworthhb@senate.gov,4LrerfwD,234218,55472,18167,3500,953,156126
625,Donelle,Isaacson,disaacsonhc@goo.ne.jp,nc7RW1q78t,246356,59478,19764,3500,953,162661
626,Donia,Harnell,dharnellhd@gmpg.org,Db9tFRQ,207674,47274,17684,3500,953,138264
627,Jayson,Domerq,jdomerqhe@opera.com,OJgBRV3RTwye,25432,3815,1284,1450,402,18481
628,Elfrida,Beet,ebeethf@toplist.cz,72irtrnpG,38123,5718,1925,2173,602,27704
629,Lorrie,Shrubb,lshrubbhg@weebly.com,qkAI8kUn,118194,22448,8508,3500,953,82786
630,Der,Dobbings,ddobbingshh@friendfeed.com,wp2vii,198368,44576,16552,3500,953,132788
631,Ariana,McGuirk,amcguirkhi@house.gov,AJdGk806j,57854,9099,3398,3298,914,41145
632,Magdaia,McShirie,mmcshiriehj@youtu.be,LhTCBb,76562,12934,5110,3500,953,54065
633,Delmore,Christofe,dchristofehk@nsw.gov.au,PMy2Q1g6,131452,25895,9987,3500,953,91117
634,Aveline,Kubin,akubinhl@nature.com,m8waEm9,220316,50940,16337,3500,953,148586
635,Alida,Scarbarrow,ascarbarrowhm@forbes.com,7eSurK19cCFJ,234865,55686,18252,3500,953,156475
636,Philly,Etuck,petuckhn@boston.com,MAFdhp,235018,55736,18272,3500,953,156557
637,Candra,Di Domenico,cdidomenicoho@chronoengine.com,WizMWJC3bszp,108499,19927,7426,3500,953,76693
638,Isabel,Mathewson,imathewsonhp@angelfire.com,StR4cGTB,154656,31928,11237,3500,953,107039
639,Hamel,Meadowcraft,hmeadowcrafthq@sourceforge.net,KuvehVl5,213939,49091,18445,3500,953,141950
640,Ardeen,Bolsteridge,abolsteridgehr@sun.com,qJcME3Ry,245454,59180,19645,3500,953,162176
641,Rogerio,Shaylor,rshaylorhs@hao123.com,3kbuU55,212111,48561,18223,3500,953,140874
642,Clara,MacKilroe,cmackilroeht@oaic.gov.au,GsVINKO,112679,21014,7892,3500,953,79320
643,Collie,Eisenberg,ceisenberghu@admin.ch,kuUivncqF,42247,6337,2133,2408,668,30701
644,Helsa,Spikings,hspikingshv@mac.com,FpPY8AoLj,233887,55363,18123,3500,953,155948
645,Dory,Fishbourn,dfishbournhw@ted.com,bYh9LYI,192234,42797,15806,3500,953,129179
646,Jeanie,Mitchelmore,jmitchelmorehx@list-manage.com,sEGR6Z2Fv,141602,28534,11120,3500,953,97495
647,Woodman,Ludlom,wludlomhy@addtoany.com,uCdd8bslpIo,252376,61465,20556,3500,953,165902
648,Friederike,Kither,fkitherhz@nature.com,9ZBXf5,246779,59618,19820,3500,953,162889
649,Dredi,Matskiv,dmatskivi0@google.it,oyctIN,107983,19793,7368,3500,953,76369
650,Drusi,Culligan,dculligani1@de.vu,aoiBl3a,88480,15378,6201,3500,953,62449
651,Syd,Orkney,sorkneyi2@yellowpages.com,OYFSOU,223870,52058,16805,3500,953,150555
652,Eal,Brothwell,ebrothwelli3@cdc.gov,7HK1zRKJa,291893,74505,25757,3500,953,187178
653,Leesa,Pinsent,lpinsenti4@imdb.com,pH55UUv3Wj,111649,20746,7777,3500,953,78673
654,Renee,Siddle,rsiddlei5@cnn.com,phD5iZ29,192204,42788,15802,3500,953,129161
655,Myrvyn,Shieldon,mshieldoni6@istockphoto.com,BoWyJMfpu,79306,13497,5361,3500,953,55995
656,Bertha,Lobe,blobei7@weather.com,liaPhgpWAv,143182,28945,11296,3500,953,98488
657,Yvette,Worsell,yworselli8@mayoclinic.com,qpLNyxA30YN,286677,72784,25070,3500,953,184370
658,Merissa,Willetts,mwillettsi9@imageshack.us,JTS1apeKfq,154994,32016,11278,3500,953,107248
659,Ekaterina,Vedyashkin,evedyashkinia@instagram.com,qWhkZWH,79875,13614,5413,3500,953,56396
660,Joe,Kipping,jkippingib@boston.com,g7438h3Ur2f1,215937,49671,18688,3500,953,143125
661,Felicity,Brankley,fbrankleyic@google.co.uk,j5aZCCad,60935,9731,3680,3473,953,43098
662,Reba,Karlolak,rkarlolakid@amazon.com,9zVG9L,215833,49640,18676,3500,953,143064
663,Shepard,Mapledoore,smapledooreie@ameblo.jp,YpNHMahAc,110748,20512,7677,3500,953,78107
664,Ignaz,Gribbin,igribbinif@washingtonpost.com,MQ88JYkiL,50851,7664,2758,2899,803,36728
665,Mord,Di Biagio,mdibiagioig@mtv.com,B5mD6ceRdRv,132896,26271,10148,3500,953,92024
666,Cosmo,Queenborough,cqueenboroughih@statcounter.com,YQMRpi,133418,26406,10207,3500,953,92352
667,Yovonnda,Kienlein,ykienleinii@kickstarter.com,FaWm6dQHAwpY,184216,40471,14831,3500,953,124461
668,Rhodie,Aymer,raymerij@epa.gov,HaU44t,47881,7182,2486,2729,757,34727
669,Audrie,Henworth,ahenworthik@icio.us,3fqkauJ4r,60291,9599,3621,3437,953,42682
670,Xena,Audritt,xaudrittil@uiuc.edu,QYes620sIKOs,242492,58203,19256,3500,953,160581
671,Kristo,Clayworth,kclayworthim@elpais.com,B4XG1985,122209,23492,8956,3500,953,85309
672,Mikol,Baxendale,mbaxendalein@chron.com,4wveoHiBP,48618,7293,2553,2771,768,35233
673,Shaylah,Bathow,sbathowio@unc.edu,yJsXaL,134897,26791,10372,3500,953,93282
674,Brett,Haycock,bhaycockip@friendfeed.com,7D1CjP14,90352,15761,6372,3500,953,63766
675,Israel,Pyford,ipyfordiq@miibeian.gov.cn,JdhFFFfR,250029,60690,20247,3500,953,164639
676,Ezri,Yurkevich,eyurkevichir@smh.com.au,2dwPQkpY34,40881,6132,2064,2330,646,29708
677,Nanny,Lelliott,nlelliottis@dmoz.org,0nLphD,34650,5198,1750,1975,547,25180
678,Maryl,Blaise,mblaiseit@chronoengine.com,xAdyMvB,196576,44056,16334,3500,953,131733
679,Alena,Jagiela,ajagielaiu@scientificamerican.com,eOoMtSWpEv,230734,54323,17708,3500,953,154250
680,Myranda,Thamelt,mthameltiv@prlog.org,U4CHPrc3ugTW,36056,5408,1821,2055,570,26202
681,Aveline,Slevin,asleviniw@instagram.com,EoyQMcOkMdz2,96900,17104,6131,3500,953,69212
682,Lancelot,Franz-Schoninger,lfranzschoningerix@intel.com,lCFP0fT,49914,7487,2672,2845,789,36121
683,Wolfie,Davidavidovics,wdavidavidovicsiy@dailymail.co.uk,PWDjF0vvi,275938,69240,23657,3500,953,178588
684,Bradney,Orans,boransiz@usa.gov,DL6lV1SYaSm4,146499,29807,11667,3500,953,100573
685,Odille,Tobin,otobinj0@hostgator.com,J4iGRY1dvc5U,216623,49870,18772,3500,953,143529
686,Balduin,Greiswood,bgreiswoodj1@cam.ac.uk,0Gacl2M,175367,37905,13755,3500,953,119254
687,Pippo,Lebbon,plebbonj2@bravesites.com,hT5ctRfgU,151169,31022,10813,3500,953,104882
688,Agnella,Kitching,akitchingj3@fotki.com,ORcFZu0,271864,67896,23121,3500,953,176395
689,Cristy,Tipple,ctipplej4@nifty.com,QLVEshVD,86395,14950,6010,3500,953,60982
690,Aindrea,Surgen,asurgenj5@tumblr.com,UXVWsFAm3,82248,14100,5630,3500,953,58065
691,Kacey,Scrange,kscrangej6@networksolutions.com,75GQVK0k,48796,7319,2570,2781,771,35355
692,Matias,Tottem,mtottemj7@barnesandnoble.com,vjdQdDD9bX,33925,5089,1713,1934,536,24653
693,Odey,Halewood,ohalewoodj8@elegantthemes.com,d2h8wr,181126,39575,14455,3500,953,122643
694,Hurley,Baccas,hbaccasj9@google.ca,jq1kprFY9,242458,58192,19251,3500,953,160563
695,Owen,Seywood,oseywoodja@privacy.gov.au,wJTNUeJ7,291678,74434,25728,3500,953,187063
696,Gannon,Kulas,gkulasjb@seesaa.net,AOodzM,245292,59127,19624,3500,953,162088
697,Geri,Renahan,grenahanjc@csmonitor.com,ssDauA0,169813,36295,13080,3500,953,115986
698,Ingeborg,Biesterfeld,ibiesterfeldjd@ftc.gov,AlKkFY7jf,48130,7220,2509,2743,760,34898
699,Thacher,Burdin,tburdinje@yandex.ru,Bw63qN,220117,50883,16311,3500,953,148471
700,Gwendolyn,Sheasby,gsheasbyjf@rediff.com,mvHe8dEL,299578,77041,26768,3500,953,191316
701,Phylis,Tesdale,ptesdalejg@domainmarket.com,ZkrkvN1Q,293449,75019,25962,3500,953,188016
702,Arluene,Hulkes,ahulkesjh@meetup.com,wwU1zQ4KLV,245398,59162,19638,3500,953,162146
703,Britte,Errol,berrolji@studiopress.com,UCnES7X,148954,30446,11941,3500,953,102115
704,Leandra,Yushkov,lyushkovjj@yelp.com,CrwJbvKXzpGO,293813,75139,26009,3500,953,188212
705,Karina,McCritchie,kmccritchiejk@rambler.ru,3YPKYXLv1XX,53028,8110,2957,3023,838,38101
706,Igor,Beausang,ibeausangjl@t.co,PwWqgM5b6,113195,21148,7950,3500,953,79644
707,Flora,Leebeter,fleebeterjm@aol.com,ou9D0CKTy,175096,37827,13722,3500,953,119095
708,Kiley,Gladyer,kgladyerjn@ucoz.ru,1uMlcTR3Vw8,28117,4218,1420,1603,444,20433
709,Brittaney,Spurge,bspurgejo@phpbb.com,0XyEFIqI9d,181817,39776,14539,3500,953,123049
710,Elisabeth,Ricardet,ericardetjp@baidu.com,pu33VYX,100007,17741,6478,3500,953,71336
711,Heriberto,Jackling,hjacklingjq@forbes.com,NPP0cKlC,118555,22542,8548,3500,953,83013
712,Nert,Romei,nromeijr@thetimes.co.uk,F0UtGY,25632,3845,1294,1461,405,18627
713,Lucienne,Yellowlees,lyellowleesjs@tumblr.com,mQjhMDbo9xBL,209552,47819,17912,3500,953,139369
714,Orelie,Saunderson,osaundersonjt@blog.com,xPvJnXVick,86062,14882,5979,3500,953,60748
715,Francisca,Repp,freppju@prweb.com,uMRP0y1PE4,156988,32575,11520,3500,953,108440
716,Josephine,Mardell,jmardelljv@auda.org.au,IK72Y3D,91148,15925,6445,3500,953,64326
717,Adara,Cutill,acutilljw@illinois.edu,52XELC,227206,53159,17244,3500,953,152351
718,Ganny,Panchen,gpanchenjx@webmd.com,3ZxBXC,290257,73965,25541,3500,953,186298
719,Sigismund,Probert,sprobertjy@hibu.com,B0AAlqB06aO,233520,55242,18075,3500,953,155750
720,Dane,Berrycloth,dberryclothjz@chron.com,QNsRfA,150095,30742,10682,3500,953,104218
721,Fayina,Brady,fbradyk0@cmu.edu,6XrDo91dn,122363,23532,8973,3500,953,85405
722,Larina,Costy,lcostyk1@fc2.com,q3bEROKZ7,251409,61146,20429,3500,953,165382
723,Westbrook,Kindall,wkindallk2@multiply.com,bm1G0NGbQksZ,247727,59930,19945,3500,953,163399
724,Kalindi,Verna,kvernak3@salon.com,wikulu5vi,133567,26445,10223,3500,953,92446
725,Ilsa,Levins,ilevinsk4@discovery.com,xakDyM,263411,65106,22009,3500,953,171844
726,Carmon,Grosvener,cgrosvenerk5@loc.gov,ji1sJ8wW16X5,36781,5517,1857,2097,581,26729
727,Ellsworth,Pheasant,epheasantk6@phoca.cz,M644L5TGGE,128949,25244,9708,3500,953,89544
728,Alberik,Sigward,asigwardk7@wufoo.com,MNq5Vo6o2,82579,14168,5661,3500,953,58298
729,Irving,Foy,ifoyk8@hibu.com,QwO77G5SFAbO,128943,25243,9707,3500,953,89540
730,Neel,Weagener,nweagenerk9@shutterfly.com,69obUN,166934,35460,12730,3500,953,114292
731,Georgia,Glassman,gglassmanka@webs.com,hAEg1t,170598,36522,13175,3500,953,116448
732,Gracie,Hambribe,ghambribekb@usgs.gov,eljPDRC8qe6J,198779,44695,16602,3500,953,133030
733,Morris,Askey,maskeykc@webeden.co.uk,ksiEJRk1wKi,142369,28734,11206,3500,953,97977
734,Tania,Zimmerman,tzimmermankd@networksolutions.com,YesrSxn0Yb,34445,5167,1739,1963,544,25031
735,Patty,Grigoliis,pgrigoliiske@hugedomains.com,widyQ4VAc8L,44604,6691,2253,2542,705,32414
736,Darsie,Thrussell,dthrussellkf@businessinsider.com,dkPSFAPNY,158265,32946,11675,3500,953,109191
737,Artie,Abbotts,aabbottskg@soup.io,p5qFsTFQDP,156414,32409,11450,3500,953,108102
738,Myrta,Trask,mtraskkh@about.me,Rhi8coh93,175170,37848,13731,3500,953,119138
739,Janos,Troop,jtroopki@typepad.com,R5K5sIUBRFU,213182,48872,18353,3500,953,141504
740,Sheelah,Durrant,sdurrantkj@businessinsider.com,TMDPAdFz,39605,5941,2000,2257,626,28781
741,Moll,Stenhouse,mstenhousekk@craigslist.org,pdP7nn,273272,68360,23306,3500,953,177153
742,Lianna,McCutcheon,lmccutcheonkl@360.cn,8AVvNcVHs9p,239727,57290,18892,3500,953,159092
743,Emlynn,Fogt,efogtkm@gnu.org,NeRK9s,267923,66595,22602,3500,953,174273
744,Felicia,Firmage,ffirmagekn@japanpost.jp,lFcVNXqxlVZ,27718,4158,1400,1580,438,20143
745,Clementia,Cassey,ccasseyko@so-net.ne.jp,Wu3xEvuZH,233093,55101,18019,3500,953,155521
746,Tremain,McBrier,tmcbrierkp@simplemachines.org,UJIuiet,197970,44460,16504,3500,953,132554
747,Austine,Blackhurst,ablackhurstkq@google.de,GOtbfdmkN2su,299743,77096,26790,3500,953,191405
748,Ronny,McCurry,rmccurrykr@statcounter.com,4PpLL5k3FJ79,166955,35466,12732,3500,953,114304
749,Emili,Mottinelli,emottinelliks@networkadvertising.org,o0pueM,175543,37956,13776,3500,953,119358
750,Alvina,Schettini,aschettinikt@technorati.com,Bq97zV,182012,39832,14563,3500,953,123164
751,Zoe,Derkes,zderkesku@nature.com,kVwupf,151999,31237,10914,3500,953,105396
752,Normand,Rankling,nranklingkv@51.la,eoyUUQmi,242456,58191,19251,3500,953,160562
753,Urban,Kondratyuk,ukondratyukkw@hp.com,2jKDY12Ow4Z,169871,36311,13087,3500,953,116020
754,Olly,Monk,omonkkx@loc.gov,kTzRHM2Zy,172918,37195,13457,3500,953,117813
755,Austin,Geratasch,agerataschky@photobucket.com,KehlGfRBnJT,64581,10478,4014,3500,953,45636
756,Danny,Bern,dbernkz@behance.net,aEcmW20iHzM7,198087,44494,16518,3500,953,132623
757,Julio,Trump,jtrumpl0@altervista.org,l33FleQ1Hyjz,85736,14815,5950,3500,953,60519
758,Sampson,Maharg,smahargl1@github.com,D2hH7326eD,176974,38371,13951,3500,953,120200
759,Mitzi,Goforth,mgoforthl2@devhub.com,ZYny6K,77635,13154,5208,3500,953,54820
760,Sascha,Vasyatkin,svasyatkinl3@icq.com,K1pmTxJpBC,167895,35738,12846,3500,953,114858
761,Devland,Oxenbury,doxenburyl4@craigslist.org,8079Rnmy9K,47653,7148,2465,2716,753,34571
762,Matty,Brumble,mbrumblel5@netlog.com,IMNkwdqrvp,172321,37022,13385,3500,953,117462
763,Emmy,Dumelow,edumelowl6@msu.edu,ZcIPfeTCN,64288,10418,3987,3500,953,45430
764,Bancroft,Feak,bfeakl7@slideshare.net,JApGgx6Q9hc,227066,53112,17226,3500,953,152276
765,Oates,McKeever,omckeeverl8@baidu.com,3jJzRn,67521,11081,4283,3500,953,47705
766,Valentina,Blenkiron,vblenkironl9@skype.com,bokr28wEYyw,124979,24212,9265,3500,953,87049
767,Hansiain,Clunie,hcluniela@exblog.jp,dOvTZ0yfCQw,157628,32761,11598,3500,953,108816
768,Mayne,Pester,mpesterlb@tuttocitta.it,DNYLSaKkd,246579,59552,19793,3500,953,162781
769,Eda,Edgell,eedgelllc@linkedin.com,kzYoutfxX,89687,15625,6311,3500,953,63298
770,Lawry,Alessandretti,lalessandrettild@sohu.com,KUTmokCjTWy,239617,57254,18877,3500,953,159033
771,Nikita,Pampling,npamplingle@census.gov,MSMPFJOCrx5X,26631,3995,1345,1518,421,19353
772,Findley,Melia,fmelialf@sourceforge.net,wN7OGC8m6L,91107,15916,6441,3500,953,64297
773,Reinwald,Becerro,rbecerrolg@smh.com.au,zePMoQRfqP6E,286783,72819,25084,3500,953,184427
774,Adriano,Birks,abirkslh@mlb.com,nImAyFX,144619,29319,11457,3500,953,99391
775,Ailsun,Breinl,abreinlli@google.de,arndPAN,121479,23302,8874,3500,953,84850
776,Katerine,Fillary,kfillarylj@ucsd.edu,2ZYclCCpTKR,47425,7114,2444,2703,749,34415
777,Bryana,Schwier,bschwierlk@freewebs.com,TykV9ogHN,241372,57833,19108,3500,953,159978
778,Ulick,Hanley,uhanleyll@simplemachines.org,6uShSTtv6yDF,262316,64745,21864,3500,953,171254
779,Coreen,Arens,carenslm@businessinsider.com,Opy7PwzMT,292372,74663,25820,3500,953,187436
780,Morley,Haveline,mhavelineln@ocn.ne.jp,fGyj5wEvPu46,29751,4463,1502,1696,470,21620
781,Binny,Sabatini,bsabatinilo@canalblog.com,T9A88Jojkpp6,70220,11634,4530,3500,953,49603
782,Dona,Ecclestone,decclestonelp@behance.net,1FpZqe,80211,13682,5444,3500,953,56632
783,Barbee,Petschelt,bpetscheltlq@devhub.com,coU9AdRs,98473,17426,6307,3500,953,70287
784,Vyky,Chawner,vchawnerlr@xrea.com,Prxdo2I,260980,64304,21689,3500,953,170535
785,Nathalie,Simenon,nsimenonls@yale.edu,gDHsQo,222994,51769,16690,3500,953,150083
786,Joane,Greetham,jgreethamlt@upenn.edu,zf51e8OR61,25446,3817,1285,1450,402,18492
787,Zolly,Ollis,zollislu@163.com,LPhXmj,256941,62971,21157,3500,953,168360
788,Tadeas,Chace,tchacelv@eepurl.com,k8njYBuwLvtg,50105,7516,2689,2856,792,36252
789,Marie-jeanne,Lawdham,mlawdhamlw@rambler.ru,Bkcb5z,193024,43026,15902,3500,953,129643
790,Edik,Buckbee,ebuckbeelx@parallels.com,OtQdxD,233294,55168,18045,3500,953,155629
791,Philippine,Daveley,pdaveleyly@cbslocal.com,K9Eir4cGdDw,179378,39068,14243,3500,953,121614
792,Jemmie,Gwilym,jgwilymlz@example.com,OZjfqx5WIrQs,55929,8705,3222,3188,884,39931
793,Berk,Biggs,bbiggsm0@discovery.com,h2ENlbcD,54137,8337,3058,3086,855,38800
794,Linnie,Digweed,ldigweedm1@google.ru,b7LrWi2,115409,21724,8197,3500,953,81036
795,Harlen,Firman,hfirmanm2@wunderground.com,pbbtfbSgxV,92663,16235,5658,3500,953,66317
796,Ferrell,Rowaszkiewicz,frowaszkiewiczm3@myspace.com,xxHdVhEK,124873,24185,9253,3500,953,86983
797,Kristoffer,Mager,kmagerm4@si.edu,rOQIBT8tCj,96729,17069,6112,3500,953,69096
798,Margot,Fish,mfishm5@ftc.gov,NNQEslciBFC,217604,50154,18891,3500,953,144106
799,Noelyn,Fowell,nfowellm6@drupal.org,wmmAawspFql,64760,10515,4030,3500,953,45762
800,Karlee,Jeens,kjeensm7@i2i.jp,WZTI0DHj,120797,23125,8798,3500,953,84421
801,Karla,Dominka,kdominkam8@scientificamerican.com,U4ZIH0Az1M,97238,17173,6169,3500,953,69443
802,Butch,Karpman,bkarpmanm9@sphinn.com,TlrVMKjyxoFi,225884,52722,17070,3500,953,151639
803,Sutherlan,Writer,swriterma@csmonitor.com,mzdAQGzWjN,174220,37573,13616,3500,953,118579
804,Leoline,Ride,lridemb@yahoo.co.jp,OYVykvEM,243027,58379,19326,3500,953,160869
805,Debera,Toby,dtobymc@bandcamp.com,PWUU6ijHsO,234113,55438,18153,3500,953,156070
806,Ricard,Girardy,rgirardymd@arstechnica.com,KHUwGFLBJx,71507,11898,4648,3500,953,50509
807,Prentiss,Deighton,pdeightonme@ycombinator.com,H0IXZPQRyMBi,154062,31774,11164,3500,953,106671
808,Freddie,Wroe,fwroemf@wp.com,ztun8Q5eqd,288653,73436,25330,3500,953,185434
809,Ludwig,Monaghan,lmonaghanmg@tripadvisor.com,SCmjSXJ,146701,29860,11689,3500,953,100699
810,Sander,Murden,smurdenmh@discovery.com,cMnD4qSRoWd,102641,18404,6772,3500,953,73012
811,Ashely,Heading,aheadingmi@sina.com.cn,vSP1kDVNZZFx,27660,4149,1397,1577,437,20101
812,Celie,Veal,cvealmj@artisteer.com,qkprNmg5y2,219402,50675,19110,3500,953,145164
813,Jillane,Glowinski,jglowinskimk@senate.gov,M6rOniyNz3Mw,210305,48037,18004,3500,953,139812
814,Iggy,Croxley,icroxleyml@comsenz.com,G4Z079uKG4C,194569,43474,16090,3500,953,130553
815,Jillana,Ciciari,jciciarimm@devhub.com,hDKP0MP,42894,6434,2166,2445,678,31171
816,Isidoro,Hardaker,ihardakermn@miitbeian.gov.cn,y84nJxrQhLJ,264807,65567,22192,3500,953,172595
817,Isac,Riach,iriachmo@elpais.com,PAhI55Qe9xIJ,286637,72771,25065,3500,953,184349
818,Douglass,Kobisch,dkobischmp@paginegialle.it,VG3OfVX,154290,31833,11192,3500,953,106812
819,Bili,Littrell,blittrellmq@constantcontact.com,kGPqErTzebjw,251312,61113,20416,3500,953,165330
820,Lani,Siddell,lsiddellmr@is.gd,iD3631,71922,11983,4686,3500,953,50801
821,Riccardo,Abley,rableyms@illinois.edu,3gTTCP,190989,42436,15655,3500,953,128446
822,Dukie,Rowlings,drowlingsmt@delicious.com,LIvHaVwuc,231652,54626,17829,3500,953,154745
823,Dulsea,Cutbush,dcutbushmu@huffingtonpost.com,v82lLJG0vRL,102046,18250,6706,3500,953,72638
824,Dorella,Busst,dbusstmv@t-online.de,kw6vbsdKx4Kd,115013,21621,8153,3500,953,80787
825,Lawrence,Goulborn,lgoulbornmw@netscape.com,Ee8rqnZlvx,150874,30945,10777,3500,953,104700
826,Haven,Flower,hflowermx@t-online.de,yB42fV,213724,49029,18419,3500,953,141823
827,Lavinia,Brockest,lbrockestmy@wiley.com,qF3DkN4wMBaC,29087,4363,1469,1658,460,21138
828,Elihu,Gilberthorpe,egilberthorpemz@theatlantic.com,AvQTIw,171897,36899,13333,3500,953,117212
829,Patrice,Dressel,pdresseln0@ebay.com,1VBZp0,29048,4357,1467,1656,459,21109
830,Shanie,McHan,smchann1@slashdot.org,EUc6Y8foax4,49187,7378,2605,2804,777,35623
831,Olvan,Lowater,olowatern2@salon.com,wU7DTGQ5oZ,282861,71525,24568,3500,953,182316
832,Beatrix,Musterd,bmusterdn3@wikia.com,VRv51V28,69166,11418,4433,3500,953,48862
833,Gunter,Darlow,gdarlown4@springer.com,OI3iF3,287002,72891,25113,3500,953,184545
834,Karlan,Charke,kcharken5@google.it,4UlgWxlfd,171911,36903,13335,3500,953,117221
835,Nerte,Merrington,nmerringtonn6@microsoft.com,xKUgQw,266903,66259,22468,3500,953,173724
836,Evita,Shasnan,eshasnann7@msu.edu,OhV8xGi,275638,69141,23618,3500,953,178427
837,Zena,Sturte,zsturten8@constantcontact.com,6BnSMn7zd3Q,188470,41705,15348,3500,953,126964
838,Grier,Adamowicz,gadamowiczn9@cloudflare.com,O19vHMV,174584,37678,13660,3500,953,118793
839,Chad,Dani,cdanina@blogspot.com,HFBglmp,51246,7745,2794,2921,810,36977
840,Salvidor,Blanc,sblancnb@devhub.com,BcEz917rbF,122857,23660,9028,3500,953,85716
841,Max,Jeffress,mjeffressnc@state.gov,1PSkxdaqrC,271924,67915,23129,3500,953,176427
842,Winni,Goacher,wgoachernd@ftc.gov,kGrEwg2nlt,42671,6401,2155,2432,674,31009
843,Heida,Vivian,hvivianne@yandex.ru,lBGjX1L,268594,66817,22691,3500,953,174634
844,Yul,Easton,yeastonnf@arstechnica.com,6P9hUDJL1,275069,68953,23543,3500,953,178120
845,Leeanne,Vispo,lvispong@amazon.com,1YRpd3IArP,75639,12745,5026,3500,953,53416
846,Georgeanne,Fredy,gfredynh@google.pl,NfpyRU,87137,15102,6078,3500,953,61504
847,Sianna,Chessun,schessunni@liveinternet.ru,FzljGWG5,67869,11152,4315,3500,953,47949
848,Catlin,Kealy,ckealynj@chronoengine.com,0WB96EzQa,105814,19229,7126,3500,953,75006
849,Brian,Closs,bclossnk@cafepress.com,aTIwjYxLvKM,287430,73032,25169,3500,953,184776
850,Francesca,Bradnocke,fbradnockenl@hubpages.com,hkGWKPZN7xH,211302,48326,18125,3500,953,140398
851,Melamie,Marston,mmarstonnm@1688.com,RvwOhZp8,251074,61035,20385,3500,953,165202
852,Hernando,Gaudin,hgaudinnn@taobao.com,gfRnQh,106464,19398,7199,3500,953,75415
853,Joel,Worswick,jworswickno@webmd.com,0cqBBBoekxWP,103729,18687,6893,3500,953,73696
854,Rozelle,Korneichik,rkorneichiknp@nytimes.com,tgThxh,206823,47028,17580,3500,953,137763
855,Cori,Davoren,cdavorennq@scribd.com,MAmXGHSQy,32020,4803,1617,1825,506,23269
856,Ferdy,Jillitt,fjillittnr@pen.io,XLi5Wg,85402,14747,5919,3500,953,60284
857,Lona,Woodruffe,lwoodruffens@jimdo.com,NjCv6lQFijU,49650,7448,2648,2830,784,35940
858,Kathye,Scarisbrick,kscarisbricknt@reference.com,hR2gaE,53901,8289,3037,3072,852,38651
859,Kristo,Elward,kelwardnu@edublogs.org,Dw3Gx1QgI,254582,62193,20847,3500,953,167090
860,Liliane,Giacobbo,lgiacobbonv@issuu.com,Jygomty,193884,43275,16007,3500,953,130149
861,Rolf,Canti,rcantinw@moonfruit.com,mEtTsR,117560,22283,8437,3500,953,82387
862,Alyson,Blaase,ablaasenx@histats.com,xYmGSQ,30540,4581,1542,1741,483,22193
863,Bibby,Hunt,bhuntny@google.com.hk,wChELcQUbV,180420,39371,14370,3500,953,122227
864,Raychel,Waberer,rwaberernz@hostgator.com,B5ixPK,93911,16491,5798,3500,953,67170
865,Shurlocke,Drynan,sdrynano0@ustream.tv,hel3CNCh0H,105160,19059,7053,3500,953,74595
866,Ripley,Bolstridge,rbolstridgeo1@vistaprint.com,wPTVOqOj5X,122541,23578,8993,3500,953,85517
867,Lutero,Yuranovev,lyuranovevo2@mashable.com,A6ucV2,201246,45410,16902,3500,953,134481
868,Nancee,Serjent,nserjento3@google.co.uk,xj9Udt6Ti,51076,7710,2778,2911,807,36870
869,Alva,Betjeman,abetjemano4@hexun.com,hNOjetm8YHPt,278834,70196,24038,3500,953,180147
870,Arabela,Maynard,amaynardo5@hexun.com,JarDJT1oJG7,110686,20496,7670,3500,953,78068
871,Margaret,Greensides,mgreensideso6@engadget.com,knwhmKYVbN,237350,56506,18579,3500,953,157812
872,Minnaminnie,Petruszka,mpetruszkao7@nbcnews.com,D3r02CzB,60012,9542,3596,3421,948,42506
873,Lianna,Baelde,lbaeldeo8@ihg.com,lqmtTi,213622,48999,18407,3500,953,141763
874,Vidovic,Rosenau,vrosenauo9@nyu.edu,1Z0t7M6jX,265531,65806,22288,3500,953,172985
875,Greg,Leggitt,gleggittoa@yellowpages.com,ByctkLuu,64818,10527,4036,3500,953,45803
876,Hilly,Brierly,hbrierlyob@skype.com,L70otG7PMY,79826,13603,5409,3500,953,56361
877,Homerus,Abrahamsen,habrahamsenoc@elpais.com,YKKPHiVwFm,153322,31581,11074,3500,953,106214
878,Alie,Crump,acrumpod@adobe.com,xJOmQh,209058,47676,17852,3500,953,139078
879,Cleopatra,Chettle,cchettleoe@statcounter.com,j4dwIhQ2P,78323,13295,5271,3500,953,55304
880,Tabor,Betjeman,tbetjemanof@oracle.com,bAecS6uL,30836,4625,1557,1758,487,22409
881,Linc,Goldingay,lgoldingayog@google.nl,BLMRtfBRo,209613,47837,17919,3500,953,139404
882,Joice,Bilyard,jbilyardoh@slate.com,t1NPV2UyDCLO,288118,73259,25260,3500,953,185146
883,Pippy,Mannix,pmannixoi@nyu.edu,Ng92M839,271641,67822,23092,3500,953,176275
884,Althea,Shrive,ashriveoj@ucsd.edu,7VlJx57A,160778,33674,11981,3500,953,110670
885,Obadiah,Lodwick,olodwickok@cornell.edu,TF50pyo4pkh,159831,33400,11866,3500,953,110113
886,Netta,Cumberbatch,ncumberbatchol@cisco.com,YnIKWThoN,39760,5964,2008,2266,628,28894
887,Dalila,Biesty,dbiestyom@aol.com,0CBD26DqNbyw,262686,64867,21913,3500,953,171453
888,Link,Mason,lmasonon@comsenz.com,cd5s3hN6B7O,293109,74907,25917,3500,953,187833
889,Missie,Code,mcodeoo@webnode.com,HDRNCXehg3,149865,30683,12042,3500,953,102688
890,Sean,Tummons,stummonsop@mlb.com,raeCSk9q,239926,57356,18918,3500,953,159199
891,Rad,Mulrenan,rmulrenanoq@artisteer.com,W8ReMxciIo5,46467,6970,2356,2649,734,33758
892,Kerry,Schwieso,kschwiesoor@altervista.org,P0G9xvi0dO0,25921,3888,1309,1477,410,18837
893,Josephine,Balogun,jbalogunos@marketwatch.com,GE8Y0FRLN3,76610,12944,5115,3500,953,54099
894,Madonna,Banton,mbantonot@quantcast.com,5v2p4VPm6X7,262179,64700,21846,3500,953,171180
895,Phaedra,Kenningham,pkenninghamou@soup.io,D2p2G6bjdf,26756,4013,1351,1525,423,19444
896,Arlyne,Sackur,asackurov@unc.edu,vzhUqd53Sid,193959,43297,16016,3500,953,130194
897,Letitia,Jerome,ljeromeow@microsoft.com,EtRHuVkvJ,251058,61030,20383,3500,953,165193
898,Nicky,Cullagh,ncullaghox@eepurl.com,yZh2OzvgU10,114940,21602,8145,3500,953,80741
899,Emlen,Savill,esavilloy@google.ca,P6Gd0KFf,288356,73338,25291,3500,953,185274
900,Renault,Guilayn,rguilaynoz@arstechnica.com,aneTum5EZ,35593,5339,1797,2029,562,25865
901,Lebbie,Slocombe,lslocombep0@lycos.com,PUz6mkzLuE,244899,58997,19572,3500,953,161877
902,Cindelyn,Jepson,cjepsonp1@examiner.com,v1nD4ElQTZ,56995,8923,3320,3249,901,40603
903,Kylynn,Casiero,kcasierop2@zdnet.com,o7JIQ1tPb7Xc,133770,26498,10246,3500,953,92574
904,Bria,Bowbrick,bbowbrickp3@bluehost.com,lXYNF3,47180,7077,2422,2689,745,34247
905,Dex,Guiett,dguiettp4@guardian.co.uk,MM2UEfTXYXA,185211,40760,14952,3500,953,125046
906,Pippo,Arminger,parmingerp5@ow.ly,wArlkdd,222726,51680,16654,3500,953,149939
907,Leann,Targetter,ltargetterp6@webs.com,x43f5Qa1pYo,110537,20457,7653,3500,953,77974
908,Alaster,Beecroft,abeecroftp7@pbs.org,RPZntg,70574,11707,4562,3500,953,49852
909,Caressa,Vogeller,cvogellerp8@alexa.com,WPtXxbnDJ4,218259,50344,18971,3500,953,144492
910,Dacey,Nunns,dnunnsp9@narod.ru,OPpQjo,126927,24719,9482,3500,953,88274
911,Cecily,Jorissen,cjorissenpa@fc2.com,gAgYc9,100654,17888,6550,3500,953,71764
912,Haven,Lowey,hloweypb@state.tx.us,Wqk6qHR,33483,5022,1691,1909,529,24332
913,Keelby,Fiddyment,kfiddymentpc@delicious.com,zKVrdg12,85020,14668,5884,3500,953,60015
914,Nels,Cuffe,ncuffepd@instagram.com,W3ffzbvka,120331,23004,8746,3500,953,84129
915,Bernadette,Kneafsey,bkneafseype@bravesites.com,NXFCymw1Jd,140780,28320,11028,3500,953,96979
916,Julianne,Bazley,jbazleypf@springer.com,ZGFS9cOU,102952,18485,6807,3500,953,73208
917,Cosette,Saker,csakerpg@ebay.com,2ISTEsRmHQ,167876,35733,12844,3500,953,114846
918,Isahella,Broady,ibroadyph@mlb.com,iNlKL6OYTbF,30726,4609,1552,1751,485,22329
919,Duncan,Leatt,dleattpi@yellowbook.com,ZMxuQewaH,195234,43667,16171,3500,953,130944
920,Di,Morley,dmorleypj@cdbaby.com,iXzEucx0,125599,24373,9334,3500,953,87439
921,Reginauld,Dunkersley,rdunkersleypk@army.mil,04PVdLP7K,185066,40718,14934,3500,953,124961
922,Kellina,D'eath,kdeathpl@ifeng.com,2Pdf2GdTBR1,101067,17995,6596,3500,953,72023
923,Lucais,Brim,lbrimpm@businessweek.com,3Tvd8m3Ddyxl,134339,26646,10309,3500,953,92931
924,Penny,Vaudre,pvaudrepn@quantcast.com,GItK1J9,108088,19820,7380,3500,953,76435
925,Alix,Galia,agaliapo@opensource.org,Dpzjo7dn8J,168985,36055,12979,3500,953,115499
926,Darnall,Johnston,djohnstonpp@ted.com,GPJrn0BsZz,299260,76936,26726,3500,953,191145
927,Margette,Karoly,mkarolypq@utexas.edu,xr7B8LnXf,182246,39900,14592,3500,953,123302
928,Itch,Speares,ispearespr@va.gov,uw1FXy,127790,24943,9579,3500,953,88816
929,Amory,Bernardelli,abernardellips@naver.com,qWrCgTE,143951,29145,11382,3500,953,98971
930,Gabbie,Quirk,gquirkpt@cisco.com,95cjQPd,61928,9934,3771,3500,953,43770
931,Jone,Keenlayside,jkeenlaysidepu@paginegialle.it,sIl391,256535,62837,21104,3500,953,168142
932,Hershel,Handlin,hhandlinpv@deviantart.com,nj7QB1iYm,43405,6511,2192,2474,686,31542
933,Tildi,Witton,twittonpw@cocolog-nifty.com,EqNGvT,271201,67677,23034,3500,953,176038
934,Emmi,Cambling,ecamblingpx@reverbnation.com,xtbqrrOE3c,207559,47241,17670,3500,953,138196
935,Greta,Andreasson,gandreassonpy@typepad.com,cM7a7LLubVie,60034,9546,3598,3422,949,42520
936,Rossy,Furtado,rfurtadopz@cbslocal.com,aGd952t,118364,22492,8527,3500,953,82893
937,Jocko,Reinger,jreingerq0@dailymail.co.uk,A8AaNqrI5Y,28832,4325,1456,1643,456,20952
938,Spence,Vinnick,svinnickq1@aol.com,tYFivay,192711,42935,15864,3500,953,129459
939,Consuelo,Rendle,crendleq2@patch.com,yOc6YDm,77042,13033,5154,3500,953,54403
940,Claude,Kilner,ckilnerq3@nps.gov,fUN6Ns9q2Qd,126844,24697,9473,3500,953,88221
941,Zilvia,Boots,zbootsq4@stumbleupon.com,TSQH1daCzI6,109896,20291,7582,3500,953,77571
942,Evelyn,Yeoman,eyeomanq5@google.co.jp,Zs3XVVnTs,76819,12987,5134,3500,953,54246
943,Elena,Fulop,efulopq6@usda.gov,A8vRlsZ,143150,28937,11293,3500,953,98468
944,Ailsun,Dedham,adedhamq7@linkedin.com,EVkTG3NfV7O,110761,20515,7678,3500,953,78115
945,Sidonia,Tschierasche,stschierascheq8@forbes.com,ORnTIFmxyKa8,198489,44611,16567,3500,953,132859
946,Kirk,Arblaster,karblasterq9@google.it,t9o4yAb,162958,34307,12246,3500,953,111953
947,Putnem,Paton,ppatonqa@time.com,JbaTH3jhheG,103712,18683,6892,3500,953,73685
948,Roxana,Witherop,rwitheropqb@360.cn,tk9pqazqWp,144994,29416,11499,3500,953,99627
949,Alyss,Colrein,acolreinqc@businessinsider.com,s2UJvsB4Fe,40367,6055,2039,2301,638,29335
950,Linzy,Pandie,lpandieqd@oaic.gov.au,TEu1mD,37308,5596,1884,2127,589,27112
951,Padraig,Dinzey,pdinzeyqe@tmall.com,OFi08H6x0NJU,163204,34378,12276,3500,953,112097
952,Myron,Teodoro,mteodoroqf@linkedin.com,bKmQbu,64397,10441,3997,3500,953,45507
953,Linette,Bosence,lbosenceqg@bbc.co.uk,0VmYwfAEbY1V,100970,17970,6586,3500,953,71962
954,Rog,Gretton,rgrettonqh@dagondesign.com,c0jkDG,25964,3895,1311,1480,410,18868
955,Lianna,Crack,lcrackqi@stanford.edu,QO1DRXI,232685,54967,17965,3500,953,155301
956,Rosana,Dabernott,rdabernottqj@ted.com,ENVdskMYONGG,131838,25995,10030,3500,953,91360
957,Lezley,Butten,lbuttenqk@ifeng.com,sGIkxlc,218085,50294,18950,3500,953,144389
958,Ephrem,Flawn,eflawnql@examiner.com,3XtEhw,218003,50270,18940,3500,953,144341
959,Arlee,Barniss,abarnissqm@ovh.net,1LIMPL6anNd,197725,44389,16474,3500,953,132410
960,Ede,Copello,ecopelloqn@blogspot.com,e3e2TU,217581,50147,18888,3500,953,144093
961,Tanny,Klimentyev,tklimentyevqo@noaa.gov,6m6bGl87LgW,275599,69128,23612,3500,953,178406
962,Myrlene,Chaffin,mchaffinqp@chronoengine.com,CpIshrPKAp,50255,7541,2703,2865,794,36352
963,Antonie,Procter,aprocterqq@yolasite.com,mFeYNvAGvA,45889,6883,2317,2616,725,33348
964,Armando,Lattie,alattieqr@prweb.com,RLzoihW,166775,35414,12710,3500,953,114199
965,Madel,Bass,mbassqs@wsj.com,swmFlFbdZiZ,248863,60305,20094,3500,953,164011
966,Ted,Boullen,tboullenqt@gmpg.org,25UQZCdXbM9,252916,61643,20627,3500,953,166193
967,Matthus,Ryal,mryalqu@bluehost.com,E5XooJaUt,66362,10843,4177,3500,953,46889
968,Julia,Loveitt,jloveittqv@exblog.jp,erer6DTA,60830,9709,3671,3467,953,43030
969,Binny,Titchener,btitchenerqw@java.com,OnAsGb3KZJmH,233602,55269,18086,3500,953,155795
970,Kimberlee,Kermannes,kkermannesqx@geocities.com,8STlqRO,153414,31605,11086,3500,953,106271
971,Marisa,Marzella,mmarzellaqy@simplemachines.org,mBRT0cQ4,227674,53313,17306,3500,953,152603
972,Bernadina,Pugsley,bpugsleyqz@ycombinator.com,CKaMtfToJUq,67220,11019,4255,3500,953,47493
973,Donica,Teare,dtearer0@tuttocitta.it,vdELnTVIH,251024,61018,20378,3500,953,165175
974,Letti,Scroggie,lscroggier1@constantcontact.com,QyL35JBEKR,276083,69288,23676,3500,953,178666
975,Jarvis,Reay,jreayr2@webnode.com,5qbVHi,186420,41111,15099,3500,953,125758
976,Vonnie,Birdsey,vbirdseyr3@digg.com,tmEgfwfapjI4,277024,69598,23800,3500,953,179173
977,Joleen,Yablsley,jyablsleyr4@microsoft.com,V6kv12RQm,109797,20265,7571,3500,953,77509
978,Jewel,Wordsley,jwordsleyr5@furl.net,97DthO,68467,11275,4369,3500,953,48370
979,Cirillo,Hamsley,chamsleyr6@usa.gov,ySztAtAFBVWQ,89629,15613,6306,3500,953,63258
980,Roderigo,Thorby,rthorbyr7@wikia.com,wney02bWHOSf,87110,15097,6075,3500,953,61485
981,Ermin,Tunnow,etunnowr8@guardian.co.uk,wNG4hu05sl,248204,60088,20007,3500,953,163656
982,Hewe,Canet,hcanetr9@istockphoto.com,7wXZYD,207455,47211,17657,3500,953,138135
983,Donn,McKennan,dmckennanra@de.vu,JhN2qyz,247413,59827,19903,3500,953,163230
984,Darby,Knowller,dknowllerrb@home.pl,PxsBkFCMNt,52913,8086,2946,3016,836,38028
985,Eal,Gotts,egottsrc@examiner.com,6VvKUWyvJ,94289,16568,5840,3500,953,67428
986,Trista,Blurton,tblurtonrd@wikimedia.org,sQGtrijT4VQT,197254,44253,16417,3500,953,132132
987,Cody,MacGinlay,cmacginlayre@xrea.com,3bOkLnfG,163599,34493,12324,3500,953,112330
988,Tamarra,Garnham,tgarnhamrf@admin.ch,i9gob5hi1R,66456,10863,4185,3500,953,46955
989,Frieda,Hulks,fhulksrg@mashable.com,DW93IzdYN7Oy,258165,63375,21318,3500,953,169019
990,Jemima,Sergant,jsergantrh@dropbox.com,ekbdgK,196653,44078,16343,3500,953,131779
991,Lorain,Lattey,llatteyri@hc360.com,byregv,221246,51210,16460,3500,953,149124
992,Eula,Nowaczyk,enowaczykrj@freewebs.com,XkQS9xHQ,41470,6221,2094,2364,655,30136
993,Jecho,Massot,jmassotrk@psu.edu,Dk7VZfEJE,41290,6194,2085,2354,652,30005
994,Winni,Berndtsson,wberndtssonrl@unicef.org,NIaxJsUR,147339,30026,11760,3500,953,101100
995,Traver,Maskew,tmaskewrm@canalblog.com,wPNhA1ob,293616,75074,25984,3500,953,188106
996,Waverly,Stainton - Skinn,wstaintonskinnrn@elegantthemes.com,w9T4Qi,161248,33811,12038,3500,953,110946
997,Noel,Fotherby,nfotherbyro@newsvine.com,BMPBQ7A71X,223716,52007,16785,3500,953,150472
998,Ivar,Rantoul,irantoulrp@goodreads.com,4bnrzyOL4C,36506,5476,1844,2081,577,26529
999,Amelia,Risen,arisenrq@free.fr,WnI4QEvCu5zZ,246889,59654,19834,3500,953,162948
1000,Augie,Szymanek,aszymanekrr@jalbum.net,0kW1qgtxEG,275607,69131,23614,3500,953,178410
